"Person","NGO-ID","Organisation","Anzahl verbundene Organisationen","Datenstand"
"Beat Imhof","NGO-0058","GastroSuisse","3","13.08.2026"
"Beat Imhof","NGO-0032","GastroSuisse / Schweizerischer Arbeitgeberverband","3","13.08.2026"
"Beat Imhof","NGO-0100","sgv / Schweizerischer Arbeitgeberverband","3","13.08.2026"
"Carlo Sommaruga","NGO-0017","SWISSAID","3","13.08.2026"
"Carlo Sommaruga","NGO-0035","Solidar Suisse / SWISSAID","3","13.08.2026"
"Carlo Sommaruga","NGO-0041","Mieterinnen- und Mieterverband Schweiz / SWISSAID","3","13.08.2026"
"Michael Töngi","NGO-0005","VCS Verkehrs-Club der Schweiz","3","13.08.2026"
"Michael Töngi","NGO-0035","VCS Verkehrs-Club der Schweiz","3","13.08.2026"
"Michael Töngi","NGO-0043","Mieterinnen- und Mieterverband / VCS","3","13.08.2026"
"Adrian Förster","NGO-0009","Save the Children Schweiz","2","13.08.2026"
"Adrian Förster","NGO-0064","Schweizerische Flüchtlingshilfe","2","13.08.2026"
"Aina Waeber","NGO-0027","Brava","2","13.08.2026"
"Aina Waeber","NGO-0096","SAJV","2","13.08.2026"
"Annette Luther","NGO-0031","scienceindustries","2","13.08.2026"
"Annette Luther","NGO-0089","economiesuisse","2","13.08.2026"
"Brigitte Wolf","NGO-0003","Pro Natura","2","13.08.2026"
"Brigitte Wolf","NGO-0049","Pro Natura","2","13.08.2026"
"Christian Dandrès","NGO-0033","Mieterinnen- und Mieterverband Schweiz","2","13.08.2026"
"Christian Dandrès","NGO-0035","Mieterinnen- und Mieterverband Schweiz","2","13.08.2026"
"Christine Badertscher","NGO-0017","SWISSAID","2","13.08.2026"
"Christine Badertscher","NGO-0083","SWISSAID","2","13.08.2026"
"Christoph Mäder","NGO-0058","economiesuisse","2","13.08.2026"
"Christoph Mäder","NGO-0031","economiesuisse","2","13.08.2026"
"Claire-Andrée Nobs","NGO-0019","insieme Schweiz","2","13.08.2026"
"Claire-Andrée Nobs","NGO-0065","Inclusion Handicap","2","13.08.2026"
"David Raedler","NGO-0005","VCS Verkehrs-Club der Schweiz","2","13.08.2026"
"David Raedler","NGO-0043","VCS Verkehrs-Club der Schweiz","2","13.08.2026"
"Delphine Klopfenstein Broggini","NGO-0003","Pro Natura","2","13.08.2026"
"Delphine Klopfenstein Broggini","NGO-0068","Pro Natura","2","13.08.2026"
"Diana Gutjahr","NGO-0030","Kompass/Europa","2","13.08.2026"
"Diana Gutjahr","NGO-0032","Schweizerischer Gewerbeverband sgv","2","13.08.2026"
"Edith Siegenthaler","NGO-0035","Travail.Suisse","2","13.08.2026"
"Edith Siegenthaler","NGO-0059","Mieterinnen- und Mieterverband Schweiz","2","13.08.2026"
"Emirhan Darcan","NGO-0011","AsyLex","2","13.08.2026"
"Emirhan Darcan","NGO-0073","GSUN / AsyLex","2","13.08.2026"
"Fabienne Serna","NGO-0019","Autismus Schweiz","2","13.08.2026"
"Fabienne Serna","NGO-0075","Inclusion Handicap","2","13.08.2026"
"Hans Isler","NGO-0092","Geneva Call","2","13.08.2026"
"Hans Isler","NGO-0040","Geneva Call","2","13.08.2026"
"Isabelle Pasquier-Eichenberger","NGO-0005","VCS Verkehrs-Club der Schweiz","2","13.08.2026"
"Isabelle Pasquier-Eichenberger","NGO-0049","VCS Verkehrs-Club der Schweiz","2","13.08.2026"
"Léonore Porchet","NGO-0091","Stiftung SEXUELLE GESUNDHEIT SCHWEIZ","2","13.08.2026"
"Léonore Porchet","NGO-0059","Travail.Suisse / Sexuelle Gesundheit Schweiz","2","13.08.2026"
"Marc Briol","NGO-0092","Geneva Call","2","13.08.2026"
"Marc Briol","NGO-0040","Geneva Call","2","13.08.2026"
"Marcel Rohner","NGO-0031","Schweizerische Bankiervereinigung","2","13.08.2026"
"Marcel Rohner","NGO-0079","economiesuisse","2","13.08.2026"
"Marie Juillard","NGO-0047","foraus – Forum Aussenpolitik","2","13.08.2026"
"Marie Juillard","NGO-0073","GSUN / foraus","2","13.08.2026"
"Markus Schefer","NGO-0019","Inclusion Handicap","2","13.08.2026"
"Markus Schefer","NGO-0042","Inclusion Handicap","2","13.08.2026"
"Martin Hirzel","NGO-0031","Swissmem","2","13.08.2026"
"Martin Hirzel","NGO-0069","economiesuisse / Schweizerische Nationalbank","2","13.08.2026"
"Maya Graf","NGO-0060","alliance F","2","13.08.2026"
"Maya Graf","NGO-0108","Biovision","2","13.08.2026"
"Min Li Marti","NGO-0060","alliance F","2","13.08.2026"
"Min Li Marti","NGO-0071","alliance F","2","13.08.2026"
"Monika Maire-Hefti","NGO-0012","EKFF / Stiftung SZH / insieme","2","13.08.2026"
"Monika Maire-Hefti","NGO-0065","Caritas Schweiz","2","13.08.2026"
"Nadine Masshardt","NGO-0037","Schweizerische Energie-Stiftung SES","2","13.08.2026"
"Nadine Masshardt","NGO-0057","Schweizerische Energie-Stiftung SES","2","13.08.2026"
"Nicolas Jutzet","NGO-0030","Kompass/Europa","2","13.08.2026"
"Nicolas Jutzet","NGO-0090","Kompass/Europa","2","13.08.2026"
"Pauline Schneider","NGO-0029","GSoA","2","13.08.2026"
"Pauline Schneider","NGO-0091","Verein SEXUELLE GESUNDHEIT SCHWEIZ","2","13.08.2026"
"Peter Bosshard","NGO-0007","Amnesty International Schweizer Sektion","2","13.08.2026"
"Peter Bosshard","NGO-0025","Campax","2","13.08.2026"
"Peter Niggli","NGO-0016","Helvetas Swiss Intercooperation","2","13.08.2026"
"Peter Niggli","NGO-0084","Alliance Sud","2","13.08.2026"
"Pierre-André Page","NGO-0017","SWISSAID","2","13.08.2026"
"Pierre-André Page","NGO-0023","Pro Schweiz","2","13.08.2026"
"René Holenstein","NGO-0016","Helvetas Swiss Intercooperation","2","13.08.2026"
"René Holenstein","NGO-0084","DEZA","2","13.08.2026"
"Rosmarie Quadranti-Stahel","NGO-0021","Gen Suisse / Kinderdorf Pestalozzi / AHV-IV-Kommission / Frauenzentrale Zürich","2","13.08.2026"
"Rosmarie Quadranti-Stahel","NGO-0060","Pro Senectute Schweiz","2","13.08.2026"
"Ruth Metzler-Arnold","NGO-0102","Swiss Olympic","2","13.08.2026"
"Ruth Metzler-Arnold","NGO-0103","S-GE","2","13.08.2026"
"Shirin Fallahpour","NGO-0019","Schweizerischer Gehörlosenbund","2","13.08.2026"
"Shirin Fallahpour","NGO-0051","Inclusion Handicap","2","13.08.2026"
"Stephan Rietiker","NGO-0023","Pro Schweiz","2","13.08.2026"
"Stephan Rietiker","NGO-0028","autonomiesuisse","2","13.08.2026"
"Susanne Hochuli","NGO-0002","Schweizerische Patientenorganisation","2","13.08.2026"
"Susanne Hochuli","NGO-0094","Greenpeace Schweiz","2","13.08.2026"
"Ueli Winzenried","NGO-0001","öffentlich ausgewiesene Organisationen","2","13.08.2026"
"Ueli Winzenried","NGO-0016","Helvetas Swiss Intercooperation","2","13.08.2026"
"Urs Brändli","NGO-0017","Bio Suisse","2","13.08.2026"
"Urs Brändli","NGO-0099","SWISSAID","2","13.08.2026"
"Valérie Borioli Sandoz","NGO-0086","Travail.Suisse","2","13.08.2026"
"Valérie Borioli Sandoz","NGO-0059","Pro Familia Schweiz","2","13.08.2026"
"Viktor Györffy","NGO-0081","grundrechte.ch","2","13.08.2026"
"Viktor Györffy","NGO-0062","Digitale Gesellschaft","2","13.08.2026"

