id,dossier,kategorie,detail
INST01,Institutionell,laengen_verraeter,correct 1.67x laenger als Distraktor-Schnitt
INST02,Institutionell,laengen_verraeter,correct 1.69x laenger als Distraktor-Schnitt
INST03,Institutionell,laengen_verraeter,correct 1.62x laenger als Distraktor-Schnitt
INST04,Institutionell,laengen_verraeter,correct 1.93x laenger als Distraktor-Schnitt
INST05,Institutionell,laengen_verraeter,correct 2.04x laenger als Distraktor-Schnitt
INST07,Institutionell,laengen_verraeter,correct 1.83x laenger als Distraktor-Schnitt
INST08,Institutionell,laengen_verraeter,correct 1.46x laenger als Distraktor-Schnitt
INST10,Institutionell,laengen_verraeter,correct 1.52x laenger als Distraktor-Schnitt
LUV02,Luftverkehr,laengen_verraeter,correct 1.68x laenger als Distraktor-Schnitt
LUV03,Luftverkehr,laengen_verraeter,correct 1.44x laenger als Distraktor-Schnitt
LUV04,Luftverkehr,laengen_verraeter,correct 1.67x laenger als Distraktor-Schnitt
LUV07,Luftverkehr,laengen_verraeter,correct 1.39x laenger als Distraktor-Schnitt
LUV08,Luftverkehr,laengen_verraeter,correct 1.46x laenger als Distraktor-Schnitt
LUV09,Luftverkehr,laengen_verraeter,correct 1.45x laenger als Distraktor-Schnitt
LUV10,Luftverkehr,laengen_verraeter,correct 2.94x laenger als Distraktor-Schnitt
MRA01,MRA,laengen_verraeter,correct 1.68x laenger als Distraktor-Schnitt
MRA03,MRA,laengen_verraeter,correct 2.12x laenger als Distraktor-Schnitt
MRA04,MRA,laengen_verraeter,correct 1.85x laenger als Distraktor-Schnitt
MRA06,MRA,laengen_verraeter,correct 1.82x laenger als Distraktor-Schnitt
MRA09,MRA,laengen_verraeter,correct 2.51x laenger als Distraktor-Schnitt
MRA10,MRA,laengen_verraeter,correct 2.49x laenger als Distraktor-Schnitt
MRA11,MRA,laengen_verraeter,correct 1.71x laenger als Distraktor-Schnitt
GES01,Gesundheit,laengen_verraeter,correct 2.02x laenger als Distraktor-Schnitt
GES02,Gesundheit,laengen_verraeter,correct 2.02x laenger als Distraktor-Schnitt
GES03,Gesundheit,laengen_verraeter,correct 1.76x laenger als Distraktor-Schnitt
GES04,Gesundheit,laengen_verraeter,correct 1.74x laenger als Distraktor-Schnitt
FZA01,Personenfreizügigkeit,laengen_verraeter,correct 1.39x laenger als Distraktor-Schnitt
FZA02,Personenfreizügigkeit,laengen_verraeter,correct 2.23x laenger als Distraktor-Schnitt
FZA03,Personenfreizügigkeit,laengen_verraeter,correct 1.85x laenger als Distraktor-Schnitt
FZA04,Personenfreizügigkeit,laengen_verraeter,correct 2.1x laenger als Distraktor-Schnitt
FZA05,Personenfreizügigkeit,laengen_verraeter,correct 2.13x laenger als Distraktor-Schnitt
FZA06,Personenfreizügigkeit,laengen_verraeter,correct 2.22x laenger als Distraktor-Schnitt
FZA07,Personenfreizügigkeit,laengen_verraeter,correct 2.39x laenger als Distraktor-Schnitt
FZA08,Personenfreizügigkeit,laengen_verraeter,correct 2.76x laenger als Distraktor-Schnitt
FZA09,Personenfreizügigkeit,laengen_verraeter,correct 2.03x laenger als Distraktor-Schnitt
FZA10,Personenfreizügigkeit,laengen_verraeter,correct 2.0x laenger als Distraktor-Schnitt
FZA12,Personenfreizügigkeit,laengen_verraeter,correct 1.78x laenger als Distraktor-Schnitt
FZA14,Personenfreizügigkeit,laengen_verraeter,correct 2.22x laenger als Distraktor-Schnitt
FZA15,Personenfreizügigkeit,laengen_verraeter,correct 3.1x laenger als Distraktor-Schnitt
FZA16,Personenfreizügigkeit,laengen_verraeter,correct 1.68x laenger als Distraktor-Schnitt
FZA17,Personenfreizügigkeit,laengen_verraeter,correct 3.39x laenger als Distraktor-Schnitt
FZA18,Personenfreizügigkeit,laengen_verraeter,correct 2.76x laenger als Distraktor-Schnitt
FZA19,Personenfreizügigkeit,laengen_verraeter,correct 2.48x laenger als Distraktor-Schnitt
FZA20,Personenfreizügigkeit,laengen_verraeter,correct 2.29x laenger als Distraktor-Schnitt
FZA21,Personenfreizügigkeit,laengen_verraeter,correct 3.06x laenger als Distraktor-Schnitt
FZA22,Personenfreizügigkeit,laengen_verraeter,correct 2.17x laenger als Distraktor-Schnitt
FZA23,Personenfreizügigkeit,laengen_verraeter,correct 3.56x laenger als Distraktor-Schnitt
FZA24,Personenfreizügigkeit,laengen_verraeter,correct 2.14x laenger als Distraktor-Schnitt
FZA25,Personenfreizügigkeit,laengen_verraeter,correct 2.83x laenger als Distraktor-Schnitt
FZA26,Personenfreizügigkeit,laengen_verraeter,correct 2.74x laenger als Distraktor-Schnitt
LAV001,Landverkehr,laengen_verraeter,correct 1.75x laenger als Distraktor-Schnitt
LAV009,Landverkehr,laengen_verraeter,correct 2.29x laenger als Distraktor-Schnitt
LAV010,Landverkehr,laengen_verraeter,correct 2.75x laenger als Distraktor-Schnitt
LAV011,Landverkehr,laengen_verraeter,correct 2.21x laenger als Distraktor-Schnitt
LAV012,Landverkehr,laengen_verraeter,correct 2.42x laenger als Distraktor-Schnitt
LAV013,Landverkehr,laengen_verraeter,correct 3.23x laenger als Distraktor-Schnitt
LAV014,Landverkehr,laengen_verraeter,correct 1.67x laenger als Distraktor-Schnitt
ELE01,Strom,laengen_verraeter,correct 1.77x laenger als Distraktor-Schnitt
ELE02,Strom,laengen_verraeter,correct 2.14x laenger als Distraktor-Schnitt
ELE03,Strom,laengen_verraeter,correct 1.63x laenger als Distraktor-Schnitt
ELE05,Strom,laengen_verraeter,correct 1.31x laenger als Distraktor-Schnitt
ELE06,Strom,laengen_verraeter,correct 2.07x laenger als Distraktor-Schnitt
ELE07,Strom,laengen_verraeter,correct 3.02x laenger als Distraktor-Schnitt
ELE08,Strom,laengen_verraeter,correct 1.59x laenger als Distraktor-Schnitt
ELE09,Strom,laengen_verraeter,correct 3.04x laenger als Distraktor-Schnitt
ELE10,Strom,laengen_verraeter,correct 1.88x laenger als Distraktor-Schnitt
ELE11,Strom,laengen_verraeter,correct 1.98x laenger als Distraktor-Schnitt
ELE12,Strom,laengen_verraeter,correct 2.64x laenger als Distraktor-Schnitt
ELE13,Strom,laengen_verraeter,correct 2.38x laenger als Distraktor-Schnitt
ELE14,Strom,laengen_verraeter,correct 1.97x laenger als Distraktor-Schnitt
ELE15,Strom,laengen_verraeter,correct 2.92x laenger als Distraktor-Schnitt
ELE16,Strom,laengen_verraeter,correct 2.94x laenger als Distraktor-Schnitt
ELE17,Strom,laengen_verraeter,correct 1.71x laenger als Distraktor-Schnitt
ELE18,Strom,laengen_verraeter,correct 1.39x laenger als Distraktor-Schnitt
ELE19,Strom,laengen_verraeter,correct 4.34x laenger als Distraktor-Schnitt
ELE21,Strom,laengen_verraeter,correct 2.73x laenger als Distraktor-Schnitt
ELE22,Strom,laengen_verraeter,correct 2.04x laenger als Distraktor-Schnitt
ELE23,Strom,laengen_verraeter,correct 2.29x laenger als Distraktor-Schnitt
ELE24,Strom,laengen_verraeter,correct 3.03x laenger als Distraktor-Schnitt
ELE25,Strom,laengen_verraeter,correct 2.61x laenger als Distraktor-Schnitt
ELE26,Strom,laengen_verraeter,correct 4.26x laenger als Distraktor-Schnitt
ELE28,Strom,laengen_verraeter,correct 2.13x laenger als Distraktor-Schnitt
LMS01,Lebensmittelsicherheit,laengen_verraeter,correct 1.73x laenger als Distraktor-Schnitt
LMS02,Lebensmittelsicherheit,laengen_verraeter,correct 3.62x laenger als Distraktor-Schnitt
LMS03,Lebensmittelsicherheit,laengen_verraeter,correct 1.54x laenger als Distraktor-Schnitt
LMS04,Lebensmittelsicherheit,laengen_verraeter,correct 1.84x laenger als Distraktor-Schnitt
LMS05,Lebensmittelsicherheit,laengen_verraeter,correct 3.19x laenger als Distraktor-Schnitt
LMS06,Lebensmittelsicherheit,laengen_verraeter,correct 2.33x laenger als Distraktor-Schnitt
LMS07,Lebensmittelsicherheit,laengen_verraeter,correct 3.06x laenger als Distraktor-Schnitt
LMS08,Lebensmittelsicherheit,laengen_verraeter,correct 4.44x laenger als Distraktor-Schnitt
LMS09,Lebensmittelsicherheit,laengen_verraeter,correct 5.15x laenger als Distraktor-Schnitt
LMS10,Lebensmittelsicherheit,laengen_verraeter,correct 4.43x laenger als Distraktor-Schnitt
LMS11,Lebensmittelsicherheit,laengen_verraeter,correct 5.24x laenger als Distraktor-Schnitt
LMS12,Lebensmittelsicherheit,laengen_verraeter,correct 3.2x laenger als Distraktor-Schnitt
LMS13,Lebensmittelsicherheit,laengen_verraeter,correct 3.03x laenger als Distraktor-Schnitt
LMS14,Lebensmittelsicherheit,laengen_verraeter,correct 3.19x laenger als Distraktor-Schnitt
LMS15,Lebensmittelsicherheit,laengen_verraeter,correct 3.38x laenger als Distraktor-Schnitt
LMS16,Lebensmittelsicherheit,laengen_verraeter,correct 2.91x laenger als Distraktor-Schnitt
LWA01,Landwirtschaft,laengen_verraeter,correct 2.06x laenger als Distraktor-Schnitt
LWA02,Landwirtschaft,laengen_verraeter,correct 2.75x laenger als Distraktor-Schnitt
LWA03,Landwirtschaft,laengen_verraeter,correct 2.43x laenger als Distraktor-Schnitt
LWA05,Landwirtschaft,laengen_verraeter,correct 2.84x laenger als Distraktor-Schnitt
LWA06,Landwirtschaft,laengen_verraeter,correct 3.4x laenger als Distraktor-Schnitt
LWA07,Landwirtschaft,laengen_verraeter,correct 3.67x laenger als Distraktor-Schnitt
LWA17,Landwirtschaft,laengen_verraeter,correct 1.72x laenger als Distraktor-Schnitt
LWA18,Landwirtschaft,laengen_verraeter,correct 2.89x laenger als Distraktor-Schnitt
FIN01,Finanzbeitrag,laengen_verraeter,correct 2.8x laenger als Distraktor-Schnitt
FIN04,Finanzbeitrag,laengen_verraeter,correct 3.4x laenger als Distraktor-Schnitt
FIN05,Finanzbeitrag,laengen_verraeter,correct 2.89x laenger als Distraktor-Schnitt
FIN06,Finanzbeitrag,laengen_verraeter,correct 1.58x laenger als Distraktor-Schnitt
FIN07,Finanzbeitrag,laengen_verraeter,correct 2.84x laenger als Distraktor-Schnitt
FIN08,Finanzbeitrag,laengen_verraeter,correct 3.81x laenger als Distraktor-Schnitt
FIN09,Finanzbeitrag,laengen_verraeter,correct 1.58x laenger als Distraktor-Schnitt
FIN10,Finanzbeitrag,laengen_verraeter,correct 3.15x laenger als Distraktor-Schnitt
FIN11,Finanzbeitrag,laengen_verraeter,correct 3.32x laenger als Distraktor-Schnitt
FIN12,Finanzbeitrag,laengen_verraeter,correct 2.55x laenger als Distraktor-Schnitt
EUPA01,EU-Programme,laengen_verraeter,correct 1.79x laenger als Distraktor-Schnitt
EUPA03,EU-Programme,laengen_verraeter,correct 2.05x laenger als Distraktor-Schnitt
EUPA04,EU-Programme,laengen_verraeter,correct 2.42x laenger als Distraktor-Schnitt
EUPA05,EU-Programme,laengen_verraeter,correct 1.86x laenger als Distraktor-Schnitt
EUPA06,EU-Programme,laengen_verraeter,correct 3.05x laenger als Distraktor-Schnitt
EUPA07,EU-Programme,laengen_verraeter,correct 2.95x laenger als Distraktor-Schnitt
EUPA08,EU-Programme,laengen_verraeter,correct 2.57x laenger als Distraktor-Schnitt
EUPA15,EU-Programme,laengen_verraeter,correct 2.93x laenger als Distraktor-Schnitt
WSP03,Weltraum,laengen_verraeter,correct 1.84x laenger als Distraktor-Schnitt
WSP05,Weltraum,laengen_verraeter,correct 1.95x laenger als Distraktor-Schnitt
WSP06,Weltraum,laengen_verraeter,correct 2.31x laenger als Distraktor-Schnitt
WSP07,Weltraum,laengen_verraeter,correct 3.28x laenger als Distraktor-Schnitt
WSP14,Weltraum,laengen_verraeter,correct 2.63x laenger als Distraktor-Schnitt
FZA43,Personenfreizügigkeit,laengen_verraeter,correct 2.34x laenger als Distraktor-Schnitt
FZA45,Personenfreizügigkeit,laengen_verraeter,correct 2.65x laenger als Distraktor-Schnitt
FZA46,Personenfreizügigkeit,laengen_verraeter,correct 3.04x laenger als Distraktor-Schnitt
FZA47,Personenfreizügigkeit,laengen_verraeter,correct 1.91x laenger als Distraktor-Schnitt
FZA48,Personenfreizügigkeit,laengen_verraeter,correct 2.17x laenger als Distraktor-Schnitt
FZA49,Personenfreizügigkeit,laengen_verraeter,correct 2.2x laenger als Distraktor-Schnitt
FZA50,Personenfreizügigkeit,laengen_verraeter,correct 2.47x laenger als Distraktor-Schnitt
FZA51,Personenfreizügigkeit,laengen_verraeter,correct 3.21x laenger als Distraktor-Schnitt
FZA52,Personenfreizügigkeit,laengen_verraeter,correct 1.51x laenger als Distraktor-Schnitt
FZA53,Personenfreizügigkeit,laengen_verraeter,correct 1.94x laenger als Distraktor-Schnitt
FZA54,Personenfreizügigkeit,laengen_verraeter,correct 1.74x laenger als Distraktor-Schnitt
FZA55,Personenfreizügigkeit,laengen_verraeter,correct 2.55x laenger als Distraktor-Schnitt
FZA60,Personenfreizügigkeit,laengen_verraeter,correct 1.34x laenger als Distraktor-Schnitt
FZA61,Personenfreizügigkeit,laengen_verraeter,correct 1.65x laenger als Distraktor-Schnitt
FZA62,Personenfreizügigkeit,laengen_verraeter,correct 1.41x laenger als Distraktor-Schnitt
FZA64,Personenfreizügigkeit,laengen_verraeter,correct 2.03x laenger als Distraktor-Schnitt
FZA65,Personenfreizügigkeit,laengen_verraeter,correct 2.56x laenger als Distraktor-Schnitt
FZA67,Personenfreizügigkeit,laengen_verraeter,correct 1.69x laenger als Distraktor-Schnitt
FZA69,Personenfreizügigkeit,laengen_verraeter,correct 2.46x laenger als Distraktor-Schnitt
FZA71,Personenfreizügigkeit,laengen_verraeter,correct 3.06x laenger als Distraktor-Schnitt
FZA73,Personenfreizügigkeit,laengen_verraeter,correct 1.66x laenger als Distraktor-Schnitt
FZA81,Personenfreizügigkeit,laengen_verraeter,correct 1.93x laenger als Distraktor-Schnitt
FZA82,Personenfreizügigkeit,laengen_verraeter,correct 1.83x laenger als Distraktor-Schnitt
FZA83,Personenfreizügigkeit,laengen_verraeter,correct 2.1x laenger als Distraktor-Schnitt
FZA85,Personenfreizügigkeit,laengen_verraeter,correct 2.14x laenger als Distraktor-Schnitt
ELE39,Strom,laengen_verraeter,correct 1.62x laenger als Distraktor-Schnitt
ELE40,Strom,laengen_verraeter,correct 2.07x laenger als Distraktor-Schnitt
ELE41,Strom,laengen_verraeter,correct 1.3x laenger als Distraktor-Schnitt
ELE43,Strom,laengen_verraeter,correct 2.19x laenger als Distraktor-Schnitt
ELE44,Strom,laengen_verraeter,correct 1.94x laenger als Distraktor-Schnitt
ELE45,Strom,laengen_verraeter,correct 2.14x laenger als Distraktor-Schnitt
ELE46,Strom,laengen_verraeter,correct 2.92x laenger als Distraktor-Schnitt
ELE48,Strom,laengen_verraeter,correct 3.56x laenger als Distraktor-Schnitt
ELE49,Strom,laengen_verraeter,correct 2.39x laenger als Distraktor-Schnitt
ELE50,Strom,laengen_verraeter,correct 3.26x laenger als Distraktor-Schnitt
ELE52,Strom,laengen_verraeter,correct 1.59x laenger als Distraktor-Schnitt
ELE53,Strom,laengen_verraeter,correct 2.76x laenger als Distraktor-Schnitt
ELE54,Strom,laengen_verraeter,correct 2.14x laenger als Distraktor-Schnitt
ELE55,Strom,laengen_verraeter,correct 1.34x laenger als Distraktor-Schnitt
ELE56,Strom,laengen_verraeter,correct 2.41x laenger als Distraktor-Schnitt
ELE57,Strom,laengen_verraeter,correct 2.33x laenger als Distraktor-Schnitt
ELE58,Strom,laengen_verraeter,correct 2.0x laenger als Distraktor-Schnitt
ELE69,Strom,laengen_verraeter,correct 2.19x laenger als Distraktor-Schnitt
ELE70,Strom,laengen_verraeter,correct 3.16x laenger als Distraktor-Schnitt
ELE75,Strom,laengen_verraeter,correct 1.94x laenger als Distraktor-Schnitt
ELE76,Strom,laengen_verraeter,correct 1.98x laenger als Distraktor-Schnitt
LMS31,Lebensmittelsicherheit,laengen_verraeter,correct 2.67x laenger als Distraktor-Schnitt
LMS34,Lebensmittelsicherheit,laengen_verraeter,correct 3.06x laenger als Distraktor-Schnitt
LMS35,Lebensmittelsicherheit,laengen_verraeter,correct 1.9x laenger als Distraktor-Schnitt
LMS36,Lebensmittelsicherheit,laengen_verraeter,correct 2.91x laenger als Distraktor-Schnitt
LMS38,Lebensmittelsicherheit,laengen_verraeter,correct 1.56x laenger als Distraktor-Schnitt
LMS39,Lebensmittelsicherheit,laengen_verraeter,correct 3.29x laenger als Distraktor-Schnitt
LMS43,Lebensmittelsicherheit,laengen_verraeter,correct 1.89x laenger als Distraktor-Schnitt
LMS46,Lebensmittelsicherheit,laengen_verraeter,correct 1.71x laenger als Distraktor-Schnitt
LMS47,Lebensmittelsicherheit,laengen_verraeter,correct 2.07x laenger als Distraktor-Schnitt
LMS48,Lebensmittelsicherheit,laengen_verraeter,correct 3.12x laenger als Distraktor-Schnitt
LMS50,Lebensmittelsicherheit,laengen_verraeter,correct 1.68x laenger als Distraktor-Schnitt
LMS51,Lebensmittelsicherheit,laengen_verraeter,correct 2.74x laenger als Distraktor-Schnitt
LMS52,Lebensmittelsicherheit,laengen_verraeter,correct 1.59x laenger als Distraktor-Schnitt
LMS53,Lebensmittelsicherheit,laengen_verraeter,correct 3.4x laenger als Distraktor-Schnitt
LMS54,Lebensmittelsicherheit,laengen_verraeter,correct 2.4x laenger als Distraktor-Schnitt
LMS55,Lebensmittelsicherheit,laengen_verraeter,correct 2.74x laenger als Distraktor-Schnitt
LMS56,Lebensmittelsicherheit,laengen_verraeter,correct 1.97x laenger als Distraktor-Schnitt
LMS57,Lebensmittelsicherheit,laengen_verraeter,correct 2.78x laenger als Distraktor-Schnitt
LMS66,Lebensmittelsicherheit,laengen_verraeter,correct 2.5x laenger als Distraktor-Schnitt
LMS67,Lebensmittelsicherheit,laengen_verraeter,correct 2.61x laenger als Distraktor-Schnitt
LMS68,Lebensmittelsicherheit,laengen_verraeter,correct 2.67x laenger als Distraktor-Schnitt
LMS70,Lebensmittelsicherheit,laengen_verraeter,correct 2.12x laenger als Distraktor-Schnitt
MRA21,MRA,laengen_verraeter,correct 2.15x laenger als Distraktor-Schnitt
MRA23,MRA,laengen_verraeter,correct 4.28x laenger als Distraktor-Schnitt
MRA24,MRA,laengen_verraeter,correct 1.88x laenger als Distraktor-Schnitt
MRA27,MRA,laengen_verraeter,correct 1.6x laenger als Distraktor-Schnitt
MRA28,MRA,laengen_verraeter,correct 3.8x laenger als Distraktor-Schnitt
MRA29,MRA,laengen_verraeter,correct 1.53x laenger als Distraktor-Schnitt
MRA30,MRA,laengen_verraeter,correct 1.32x laenger als Distraktor-Schnitt
MRA31,MRA,laengen_verraeter,correct 2.65x laenger als Distraktor-Schnitt
MRA32,MRA,laengen_verraeter,correct 2.06x laenger als Distraktor-Schnitt
MRA33,MRA,laengen_verraeter,correct 3.09x laenger als Distraktor-Schnitt
MRA34,MRA,laengen_verraeter,correct 2.0x laenger als Distraktor-Schnitt
MRA35,MRA,laengen_verraeter,correct 2.19x laenger als Distraktor-Schnitt
MRA36,MRA,laengen_verraeter,correct 2.87x laenger als Distraktor-Schnitt
MRA37,MRA,laengen_verraeter,correct 3.28x laenger als Distraktor-Schnitt
MRA38,MRA,laengen_verraeter,correct 2.81x laenger als Distraktor-Schnitt
MRA39,MRA,laengen_verraeter,correct 2.1x laenger als Distraktor-Schnitt
MRA40,MRA,laengen_verraeter,correct 2.8x laenger als Distraktor-Schnitt
MRA41,MRA,laengen_verraeter,correct 2.91x laenger als Distraktor-Schnitt
LV12,Landverkehr,laengen_verraeter,correct 1.48x laenger als Distraktor-Schnitt
LV13,Landverkehr,laengen_verraeter,correct 1.85x laenger als Distraktor-Schnitt
LV14,Landverkehr,laengen_verraeter,correct 1.91x laenger als Distraktor-Schnitt
LV15,Landverkehr,laengen_verraeter,correct 1.96x laenger als Distraktor-Schnitt
LV16,Landverkehr,laengen_verraeter,correct 1.6x laenger als Distraktor-Schnitt
LV17,Landverkehr,laengen_verraeter,correct 3.2x laenger als Distraktor-Schnitt
LV20,Landverkehr,laengen_verraeter,correct 2.62x laenger als Distraktor-Schnitt
LV21,Landverkehr,laengen_verraeter,correct 2.06x laenger als Distraktor-Schnitt
LV22,Landverkehr,laengen_verraeter,correct 3.8x laenger als Distraktor-Schnitt
LV27,Landverkehr,laengen_verraeter,correct 3.24x laenger als Distraktor-Schnitt
LV30,Landverkehr,laengen_verraeter,correct 2.91x laenger als Distraktor-Schnitt
LV32,Landverkehr,laengen_verraeter,correct 1.64x laenger als Distraktor-Schnitt
LV34,Landverkehr,laengen_verraeter,correct 2.53x laenger als Distraktor-Schnitt
GE07,Gesundheit,laengen_verraeter,correct 2.01x laenger als Distraktor-Schnitt
GE09,Gesundheit,laengen_verraeter,correct 1.89x laenger als Distraktor-Schnitt
GE11,Gesundheit,laengen_verraeter,correct 2.19x laenger als Distraktor-Schnitt
GE13,Gesundheit,laengen_verraeter,correct 3.0x laenger als Distraktor-Schnitt
GE14,Gesundheit,laengen_verraeter,correct 4.03x laenger als Distraktor-Schnitt
GE18,Gesundheit,laengen_verraeter,correct 1.98x laenger als Distraktor-Schnitt
GE20,Gesundheit,laengen_verraeter,correct 1.94x laenger als Distraktor-Schnitt
GE21,Gesundheit,laengen_verraeter,correct 2.18x laenger als Distraktor-Schnitt
GE24,Gesundheit,laengen_verraeter,correct 1.64x laenger als Distraktor-Schnitt
GE25,Gesundheit,laengen_verraeter,correct 1.7x laenger als Distraktor-Schnitt
LUV17,Luftverkehr,laengen_verraeter,correct 3.17x laenger als Distraktor-Schnitt
LUV18,Luftverkehr,laengen_verraeter,correct 2.66x laenger als Distraktor-Schnitt
LUV20,Luftverkehr,laengen_verraeter,correct 1.39x laenger als Distraktor-Schnitt
LUV21,Luftverkehr,laengen_verraeter,correct 1.55x laenger als Distraktor-Schnitt
LUV24,Luftverkehr,laengen_verraeter,correct 1.63x laenger als Distraktor-Schnitt
LUV25,Luftverkehr,laengen_verraeter,correct 1.35x laenger als Distraktor-Schnitt
LUV26,Luftverkehr,laengen_verraeter,correct 3.5x laenger als Distraktor-Schnitt
LUV27,Luftverkehr,laengen_verraeter,correct 2.67x laenger als Distraktor-Schnitt
LUV29,Luftverkehr,laengen_verraeter,correct 1.71x laenger als Distraktor-Schnitt
LUV32,Luftverkehr,laengen_verraeter,correct 1.9x laenger als Distraktor-Schnitt
LUV33,Luftverkehr,laengen_verraeter,correct 2.26x laenger als Distraktor-Schnitt
LUV38,Luftverkehr,laengen_verraeter,correct 6.06x laenger als Distraktor-Schnitt
LUV39,Luftverkehr,laengen_verraeter,correct 8.46x laenger als Distraktor-Schnitt
FIN23,Finanzbeitrag,laengen_verraeter,correct 1.89x laenger als Distraktor-Schnitt
FIN24,Finanzbeitrag,laengen_verraeter,correct 1.45x laenger als Distraktor-Schnitt
FIN25,Finanzbeitrag,laengen_verraeter,correct 2.79x laenger als Distraktor-Schnitt
FIN26,Finanzbeitrag,laengen_verraeter,correct 1.87x laenger als Distraktor-Schnitt
FIN27,Finanzbeitrag,laengen_verraeter,correct 2.1x laenger als Distraktor-Schnitt
FIN28,Finanzbeitrag,laengen_verraeter,correct 2.94x laenger als Distraktor-Schnitt
FIN29,Finanzbeitrag,laengen_verraeter,correct 3.15x laenger als Distraktor-Schnitt
FIN30,Finanzbeitrag,laengen_verraeter,correct 2.31x laenger als Distraktor-Schnitt
FIN31,Finanzbeitrag,laengen_verraeter,correct 2.61x laenger als Distraktor-Schnitt
FIN32,Finanzbeitrag,laengen_verraeter,correct 3.45x laenger als Distraktor-Schnitt
FIN39,Finanzbeitrag,laengen_verraeter,correct 3.0x laenger als Distraktor-Schnitt
FIN40,Finanzbeitrag,laengen_verraeter,correct 1.49x laenger als Distraktor-Schnitt
FIN42,Finanzbeitrag,laengen_verraeter,correct 2.45x laenger als Distraktor-Schnitt
FIN44,Finanzbeitrag,laengen_verraeter,correct 2.55x laenger als Distraktor-Schnitt
EUPA16,EU-Programme,laengen_verraeter,correct 2.59x laenger als Distraktor-Schnitt
EUPA17,EU-Programme,laengen_verraeter,correct 3.44x laenger als Distraktor-Schnitt
EUPA18,EU-Programme,laengen_verraeter,correct 3.02x laenger als Distraktor-Schnitt
EUPA20,EU-Programme,laengen_verraeter,correct 4.26x laenger als Distraktor-Schnitt
EUPA22,EU-Programme,laengen_verraeter,correct 2.17x laenger als Distraktor-Schnitt
EUPA24,EU-Programme,laengen_verraeter,correct 3.89x laenger als Distraktor-Schnitt
EUPA30,EU-Programme,laengen_verraeter,correct 2.19x laenger als Distraktor-Schnitt
EUPA31,EU-Programme,laengen_verraeter,correct 3.44x laenger als Distraktor-Schnitt
EUPA32,EU-Programme,laengen_verraeter,correct 2.62x laenger als Distraktor-Schnitt
EUPA36,EU-Programme,laengen_verraeter,correct 2.81x laenger als Distraktor-Schnitt
EUPA38,EU-Programme,laengen_verraeter,correct 1.78x laenger als Distraktor-Schnitt
EUPA39,EU-Programme,laengen_verraeter,correct 1.66x laenger als Distraktor-Schnitt
WSP16,Weltraum,laengen_verraeter,correct 1.59x laenger als Distraktor-Schnitt
WSP17,Weltraum,laengen_verraeter,correct 1.85x laenger als Distraktor-Schnitt
WSP18,Weltraum,laengen_verraeter,correct 3.32x laenger als Distraktor-Schnitt
WSP19,Weltraum,laengen_verraeter,correct 5.43x laenger als Distraktor-Schnitt
WSP20,Weltraum,laengen_verraeter,correct 1.69x laenger als Distraktor-Schnitt
WSP24,Weltraum,laengen_verraeter,correct 2.01x laenger als Distraktor-Schnitt
WSP25,Weltraum,laengen_verraeter,correct 2.5x laenger als Distraktor-Schnitt
WSP26,Weltraum,laengen_verraeter,correct 2.34x laenger als Distraktor-Schnitt
WSP30,Weltraum,laengen_verraeter,correct 1.89x laenger als Distraktor-Schnitt
WSP31,Weltraum,laengen_verraeter,correct 2.54x laenger als Distraktor-Schnitt
WSP34,Weltraum,laengen_verraeter,correct 2.72x laenger als Distraktor-Schnitt
LWA19,Landwirtschaft,laengen_verraeter,correct 2.64x laenger als Distraktor-Schnitt
LWA21,Landwirtschaft,laengen_verraeter,correct 2.0x laenger als Distraktor-Schnitt
LWA22,Landwirtschaft,laengen_verraeter,correct 8.65x laenger als Distraktor-Schnitt
LWA23,Landwirtschaft,laengen_verraeter,correct 2.74x laenger als Distraktor-Schnitt
LWA24,Landwirtschaft,laengen_verraeter,correct 2.93x laenger als Distraktor-Schnitt
LWA26,Landwirtschaft,laengen_verraeter,correct 1.57x laenger als Distraktor-Schnitt
LWA27,Landwirtschaft,laengen_verraeter,correct 3.97x laenger als Distraktor-Schnitt
LWA31,Landwirtschaft,laengen_verraeter,correct 3.21x laenger als Distraktor-Schnitt
LWA34,Landwirtschaft,laengen_verraeter,correct 5.31x laenger als Distraktor-Schnitt
LWA35,Landwirtschaft,laengen_verraeter,correct 1.7x laenger als Distraktor-Schnitt
LWA36,Landwirtschaft,laengen_verraeter,correct 3.08x laenger als Distraktor-Schnitt
INST24,Institutionell,laengen_verraeter,correct 2.54x laenger als Distraktor-Schnitt
INST25,Institutionell,laengen_verraeter,correct 4.69x laenger als Distraktor-Schnitt
INST26,Institutionell,laengen_verraeter,correct 1.64x laenger als Distraktor-Schnitt
INST27,Institutionell,laengen_verraeter,correct 2.59x laenger als Distraktor-Schnitt
INST29,Institutionell,laengen_verraeter,correct 2.08x laenger als Distraktor-Schnitt
INST36,Institutionell,laengen_verraeter,correct 2.95x laenger als Distraktor-Schnitt
INST37,Institutionell,laengen_verraeter,correct 1.46x laenger als Distraktor-Schnitt
INST38,Institutionell,laengen_verraeter,correct 2.24x laenger als Distraktor-Schnitt
INST41,Institutionell,laengen_verraeter,correct 3.08x laenger als Distraktor-Schnitt
INST42,Institutionell,laengen_verraeter,correct 3.35x laenger als Distraktor-Schnitt
INST43,Institutionell,laengen_verraeter,correct 3.86x laenger als Distraktor-Schnitt
INST45,Institutionell,laengen_verraeter,correct 3.04x laenger als Distraktor-Schnitt
INST47,Institutionell,laengen_verraeter,correct 3.43x laenger als Distraktor-Schnitt
INST48,Institutionell,laengen_verraeter,correct 1.99x laenger als Distraktor-Schnitt
GE28,Gesundheit,laengen_verraeter,correct 2.05x laenger als Distraktor-Schnitt
GE29,Gesundheit,laengen_verraeter,correct 1.94x laenger als Distraktor-Schnitt
GE30,Gesundheit,laengen_verraeter,correct 3.68x laenger als Distraktor-Schnitt
GE34,Gesundheit,laengen_verraeter,correct 3.35x laenger als Distraktor-Schnitt
GE35,Gesundheit,laengen_verraeter,correct 1.44x laenger als Distraktor-Schnitt
GE37,Gesundheit,laengen_verraeter,correct 2.58x laenger als Distraktor-Schnitt
GE38,Gesundheit,laengen_verraeter,correct 1.51x laenger als Distraktor-Schnitt
GE40,Gesundheit,laengen_verraeter,correct 1.94x laenger als Distraktor-Schnitt
LV36,Landverkehr,laengen_verraeter,correct 2.44x laenger als Distraktor-Schnitt
LV37,Landverkehr,laengen_verraeter,correct 1.87x laenger als Distraktor-Schnitt
LV38,Landverkehr,laengen_verraeter,correct 2.71x laenger als Distraktor-Schnitt
LV39,Landverkehr,laengen_verraeter,correct 1.85x laenger als Distraktor-Schnitt
LV43,Landverkehr,laengen_verraeter,correct 1.66x laenger als Distraktor-Schnitt
LV45,Landverkehr,laengen_verraeter,correct 3.83x laenger als Distraktor-Schnitt
LUV41,Luftverkehr,laengen_verraeter,correct 3.3x laenger als Distraktor-Schnitt
LUV42,Luftverkehr,laengen_verraeter,correct 2.57x laenger als Distraktor-Schnitt
LUV43,Luftverkehr,laengen_verraeter,correct 2.49x laenger als Distraktor-Schnitt
LUV47,Luftverkehr,laengen_verraeter,correct 1.81x laenger als Distraktor-Schnitt
LUV48,Luftverkehr,laengen_verraeter,correct 5.12x laenger als Distraktor-Schnitt
LWA41,Landwirtschaft,laengen_verraeter,correct 1.78x laenger als Distraktor-Schnitt
LWA42,Landwirtschaft,laengen_verraeter,correct 2.77x laenger als Distraktor-Schnitt
LWA44,Landwirtschaft,laengen_verraeter,correct 1.61x laenger als Distraktor-Schnitt
LWA46,Landwirtschaft,laengen_verraeter,correct 2.44x laenger als Distraktor-Schnitt
QS01,Institutionell,laengen_verraeter,correct 2.01x laenger als Distraktor-Schnitt
QS04,Institutionell,laengen_verraeter,correct 2.48x laenger als Distraktor-Schnitt
QS09,Institutionell,laengen_verraeter,correct 2.31x laenger als Distraktor-Schnitt
QS11,Institutionell,laengen_verraeter,correct 3.23x laenger als Distraktor-Schnitt
QS13,Institutionell,laengen_verraeter,correct 1.47x laenger als Distraktor-Schnitt
QS14,Institutionell,laengen_verraeter,correct 2.37x laenger als Distraktor-Schnitt
QS17,Institutionell,laengen_verraeter,correct 2.45x laenger als Distraktor-Schnitt
QS25,Institutionell,laengen_verraeter,correct 1.37x laenger als Distraktor-Schnitt
QS26,Institutionell,laengen_verraeter,correct 4.4x laenger als Distraktor-Schnitt
QS28,Institutionell,laengen_verraeter,correct 4.92x laenger als Distraktor-Schnitt
QS31,Institutionell,laengen_verraeter,correct 2.05x laenger als Distraktor-Schnitt
QS35,Institutionell,laengen_verraeter,correct 1.62x laenger als Distraktor-Schnitt
QS36,Institutionell,laengen_verraeter,correct 1.82x laenger als Distraktor-Schnitt
QS37,Institutionell,laengen_verraeter,correct 1.77x laenger als Distraktor-Schnitt
QS39,Institutionell,laengen_verraeter,correct 3.32x laenger als Distraktor-Schnitt
QS40,Institutionell,laengen_verraeter,correct 2.07x laenger als Distraktor-Schnitt
QS41,Institutionell,laengen_verraeter,correct 1.55x laenger als Distraktor-Schnitt
QS42,Institutionell,laengen_verraeter,correct 2.22x laenger als Distraktor-Schnitt
QS43,Institutionell,laengen_verraeter,correct 1.79x laenger als Distraktor-Schnitt
QS44,Institutionell,laengen_verraeter,correct 2.3x laenger als Distraktor-Schnitt
QS48,Institutionell,laengen_verraeter,correct 2.69x laenger als Distraktor-Schnitt
QS49,Institutionell,laengen_verraeter,correct 2.02x laenger als Distraktor-Schnitt
QS50,Institutionell,laengen_verraeter,correct 2.07x laenger als Distraktor-Schnitt
QS51,Institutionell,laengen_verraeter,correct 1.44x laenger als Distraktor-Schnitt
QS56,Institutionell,laengen_verraeter,correct 1.69x laenger als Distraktor-Schnitt
QS57,Institutionell,laengen_verraeter,correct 2.49x laenger als Distraktor-Schnitt
QS59,Institutionell,laengen_verraeter,correct 2.0x laenger als Distraktor-Schnitt
QS60,Institutionell,laengen_verraeter,correct 1.62x laenger als Distraktor-Schnitt
RA01,Institutionell,laengen_verraeter,correct 1.91x laenger als Distraktor-Schnitt
RA03,Institutionell,laengen_verraeter,correct 2.26x laenger als Distraktor-Schnitt
RA04,Institutionell,laengen_verraeter,correct 3.95x laenger als Distraktor-Schnitt
RA06,Institutionell,laengen_verraeter,correct 2.45x laenger als Distraktor-Schnitt
RA08,Personenfreizügigkeit,laengen_verraeter,correct 2.47x laenger als Distraktor-Schnitt
RA09,Personenfreizügigkeit,laengen_verraeter,correct 4.92x laenger als Distraktor-Schnitt
RA11,EU-Programme,laengen_verraeter,correct 2.19x laenger als Distraktor-Schnitt
RA13,Personenfreizügigkeit,laengen_verraeter,correct 1.91x laenger als Distraktor-Schnitt
RA14,Personenfreizügigkeit,laengen_verraeter,correct 1.41x laenger als Distraktor-Schnitt
RA16,Institutionell,laengen_verraeter,correct 1.91x laenger als Distraktor-Schnitt
RB01,Institutionell,laengen_verraeter,correct 3.08x laenger als Distraktor-Schnitt
RB02,Institutionell,laengen_verraeter,correct 4.02x laenger als Distraktor-Schnitt
RB03,Institutionell,laengen_verraeter,correct 4.23x laenger als Distraktor-Schnitt
RB04,Institutionell,laengen_verraeter,correct 2.23x laenger als Distraktor-Schnitt
RB05,Institutionell,laengen_verraeter,correct 2.45x laenger als Distraktor-Schnitt
RB06,Institutionell,laengen_verraeter,correct 2.18x laenger als Distraktor-Schnitt
RB07,Institutionell,laengen_verraeter,correct 2.49x laenger als Distraktor-Schnitt
RB08,Institutionell,laengen_verraeter,correct 2.38x laenger als Distraktor-Schnitt
BD01,Begriffe,laengen_verraeter,correct 2.33x laenger als Distraktor-Schnitt
BD02,Begriffe,laengen_verraeter,correct 3.33x laenger als Distraktor-Schnitt
BD03,Begriffe,laengen_verraeter,correct 2.96x laenger als Distraktor-Schnitt
BD04,Begriffe,laengen_verraeter,correct 2.41x laenger als Distraktor-Schnitt
BD05,Begriffe,laengen_verraeter,correct 3.64x laenger als Distraktor-Schnitt
BD06,Begriffe,laengen_verraeter,correct 3.31x laenger als Distraktor-Schnitt
BD07,Begriffe,laengen_verraeter,correct 2.03x laenger als Distraktor-Schnitt
BD08,Begriffe,laengen_verraeter,correct 3.22x laenger als Distraktor-Schnitt
BD09,Begriffe,laengen_verraeter,correct 3.47x laenger als Distraktor-Schnitt
BD10,Begriffe,laengen_verraeter,correct 3.62x laenger als Distraktor-Schnitt
BD11,Begriffe,laengen_verraeter,correct 3.31x laenger als Distraktor-Schnitt
BD12,Begriffe,laengen_verraeter,correct 2.63x laenger als Distraktor-Schnitt
BD13,Begriffe,laengen_verraeter,correct 2.59x laenger als Distraktor-Schnitt
BD14,Begriffe,laengen_verraeter,correct 2.64x laenger als Distraktor-Schnitt
BD15,Begriffe,laengen_verraeter,correct 2.43x laenger als Distraktor-Schnitt
BD16,Begriffe,laengen_verraeter,correct 1.8x laenger als Distraktor-Schnitt
BD17,Begriffe,laengen_verraeter,correct 5.08x laenger als Distraktor-Schnitt
BD18,Begriffe,laengen_verraeter,correct 4.34x laenger als Distraktor-Schnitt
BD19,Begriffe,laengen_verraeter,correct 4.25x laenger als Distraktor-Schnitt
BD20,Begriffe,laengen_verraeter,correct 3.93x laenger als Distraktor-Schnitt
BD21,Begriffe,laengen_verraeter,correct 2.37x laenger als Distraktor-Schnitt
BD22,Begriffe,laengen_verraeter,correct 3.12x laenger als Distraktor-Schnitt
BD23,Begriffe,laengen_verraeter,correct 2.15x laenger als Distraktor-Schnitt
BD24,Begriffe,laengen_verraeter,correct 3.3x laenger als Distraktor-Schnitt
BD25,Begriffe,laengen_verraeter,correct 3.74x laenger als Distraktor-Schnitt
BD26,Begriffe,laengen_verraeter,correct 3.38x laenger als Distraktor-Schnitt
BD27,Begriffe,laengen_verraeter,correct 3.77x laenger als Distraktor-Schnitt
BD28,Begriffe,laengen_verraeter,correct 3.82x laenger als Distraktor-Schnitt
BD29,Begriffe,laengen_verraeter,correct 4.65x laenger als Distraktor-Schnitt
BD30,Begriffe,laengen_verraeter,correct 2.98x laenger als Distraktor-Schnitt
BD31,Begriffe,laengen_verraeter,correct 3.96x laenger als Distraktor-Schnitt
BD32,Begriffe,laengen_verraeter,correct 3.82x laenger als Distraktor-Schnitt
BD36,Begriffe,laengen_verraeter,correct 1.79x laenger als Distraktor-Schnitt
BD37,Begriffe,laengen_verraeter,correct 2.32x laenger als Distraktor-Schnitt
BD38,Begriffe,laengen_verraeter,correct 2.98x laenger als Distraktor-Schnitt
BD39,Begriffe,laengen_verraeter,correct 2.17x laenger als Distraktor-Schnitt
BD40,Begriffe,laengen_verraeter,correct 1.86x laenger als Distraktor-Schnitt
SZ01,Personenfreizügigkeit,laengen_verraeter,correct 2.5x laenger als Distraktor-Schnitt
SZ02,Personenfreizügigkeit,laengen_verraeter,correct 3.38x laenger als Distraktor-Schnitt
SZ03,Personenfreizügigkeit,laengen_verraeter,correct 2.82x laenger als Distraktor-Schnitt
SZ05,Personenfreizügigkeit,laengen_verraeter,correct 2.53x laenger als Distraktor-Schnitt
SZ06,Strom,laengen_verraeter,correct 2.28x laenger als Distraktor-Schnitt
SZ07,Strom,laengen_verraeter,correct 2.07x laenger als Distraktor-Schnitt
SZ08,Strom,laengen_verraeter,correct 2.97x laenger als Distraktor-Schnitt
SZ09,Strom,laengen_verraeter,correct 1.9x laenger als Distraktor-Schnitt
SZ10,Lebensmittelsicherheit,laengen_verraeter,correct 2.98x laenger als Distraktor-Schnitt
SZ11,Lebensmittelsicherheit,laengen_verraeter,correct 2.24x laenger als Distraktor-Schnitt
SZ12,Lebensmittelsicherheit,laengen_verraeter,correct 1.84x laenger als Distraktor-Schnitt
SZ13,Lebensmittelsicherheit,laengen_verraeter,correct 2.86x laenger als Distraktor-Schnitt
SZ15,MRA,laengen_verraeter,correct 1.66x laenger als Distraktor-Schnitt
SZ16,MRA,laengen_verraeter,correct 2.77x laenger als Distraktor-Schnitt
SZ17,Luftverkehr,laengen_verraeter,correct 2.13x laenger als Distraktor-Schnitt
SZ18,Luftverkehr,laengen_verraeter,correct 1.78x laenger als Distraktor-Schnitt
SZ19,Luftverkehr,laengen_verraeter,correct 1.38x laenger als Distraktor-Schnitt
SZ21,Landverkehr,laengen_verraeter,correct 1.84x laenger als Distraktor-Schnitt
SZ22,Landverkehr,laengen_verraeter,correct 1.77x laenger als Distraktor-Schnitt
SZ23,Finanzbeitrag,laengen_verraeter,correct 2.36x laenger als Distraktor-Schnitt
SZ24,Finanzbeitrag,laengen_verraeter,correct 1.8x laenger als Distraktor-Schnitt
SZ25,Gesundheit,laengen_verraeter,correct 2.06x laenger als Distraktor-Schnitt
SZ28,EU-Programme,laengen_verraeter,correct 2.32x laenger als Distraktor-Schnitt
SZ29,Weltraum,laengen_verraeter,correct 2.28x laenger als Distraktor-Schnitt
SZ31,Landwirtschaft,laengen_verraeter,correct 2.03x laenger als Distraktor-Schnitt
SZ32,Institutionell,laengen_verraeter,correct 1.94x laenger als Distraktor-Schnitt
SZ33,Institutionell,laengen_verraeter,correct 1.85x laenger als Distraktor-Schnitt
SZ34,Institutionell,laengen_verraeter,correct 1.86x laenger als Distraktor-Schnitt
SZ35,Institutionell,laengen_verraeter,correct 1.85x laenger als Distraktor-Schnitt
SZ36,Institutionell,laengen_verraeter,correct 4.19x laenger als Distraktor-Schnitt
SZ37,Institutionell,laengen_verraeter,correct 2.23x laenger als Distraktor-Schnitt
SZ38,Institutionell,laengen_verraeter,correct 1.94x laenger als Distraktor-Schnitt
SZ39,Institutionell,laengen_verraeter,correct 2.24x laenger als Distraktor-Schnitt
SZ40,Institutionell,laengen_verraeter,correct 2.06x laenger als Distraktor-Schnitt
SZ41,Begriffe,laengen_verraeter,correct 1.45x laenger als Distraktor-Schnitt
SZ42,Begriffe,laengen_verraeter,correct 3.4x laenger als Distraktor-Schnitt
SZ43,Begriffe,laengen_verraeter,correct 1.51x laenger als Distraktor-Schnitt
SZ44,Begriffe,laengen_verraeter,correct 2.17x laenger als Distraktor-Schnitt
SZ45,Begriffe,laengen_verraeter,correct 2.74x laenger als Distraktor-Schnitt
SZ46,Personenfreizügigkeit,laengen_verraeter,correct 2.56x laenger als Distraktor-Schnitt
SZ48,MRA,laengen_verraeter,correct 1.89x laenger als Distraktor-Schnitt
SZ49,Institutionell,laengen_verraeter,correct 3.08x laenger als Distraktor-Schnitt
SZ50,Institutionell,laengen_verraeter,correct 3.32x laenger als Distraktor-Schnitt
WSP36,Weltraum,laengen_verraeter,correct 2.04x laenger als Distraktor-Schnitt
WSP37,Weltraum,laengen_verraeter,correct 2.3x laenger als Distraktor-Schnitt
WSP38,Weltraum,laengen_verraeter,correct 1.39x laenger als Distraktor-Schnitt
WSP39,Weltraum,laengen_verraeter,correct 2.31x laenger als Distraktor-Schnitt
WSP40,Weltraum,laengen_verraeter,correct 1.96x laenger als Distraktor-Schnitt
WSP41,Weltraum,laengen_verraeter,correct 3.54x laenger als Distraktor-Schnitt
WSP44,Weltraum,laengen_verraeter,correct 2.65x laenger als Distraktor-Schnitt
WSP46,Weltraum,laengen_verraeter,correct 1.79x laenger als Distraktor-Schnitt
WSP47,Weltraum,laengen_verraeter,correct 3.52x laenger als Distraktor-Schnitt
WSP49,Weltraum,laengen_verraeter,correct 1.77x laenger als Distraktor-Schnitt
WSP54,Weltraum,laengen_verraeter,correct 6.03x laenger als Distraktor-Schnitt
GE41,Gesundheit,laengen_verraeter,correct 1.66x laenger als Distraktor-Schnitt
GE42,Gesundheit,laengen_verraeter,correct 1.55x laenger als Distraktor-Schnitt
GE44,Gesundheit,laengen_verraeter,correct 2.9x laenger als Distraktor-Schnitt
GE46,Gesundheit,laengen_verraeter,correct 2.49x laenger als Distraktor-Schnitt
GE48,Gesundheit,laengen_verraeter,correct 1.43x laenger als Distraktor-Schnitt
GE50,Gesundheit,laengen_verraeter,correct 1.36x laenger als Distraktor-Schnitt
GE51,Gesundheit,laengen_verraeter,correct 1.66x laenger als Distraktor-Schnitt
GE52,Gesundheit,laengen_verraeter,correct 1.95x laenger als Distraktor-Schnitt
GE54,Gesundheit,laengen_verraeter,correct 3.57x laenger als Distraktor-Schnitt
GE58,Gesundheit,laengen_verraeter,correct 2.23x laenger als Distraktor-Schnitt
FIN46,Finanzbeitrag,laengen_verraeter,correct 1.9x laenger als Distraktor-Schnitt
FIN47,Finanzbeitrag,laengen_verraeter,correct 1.82x laenger als Distraktor-Schnitt
FIN49,Finanzbeitrag,laengen_verraeter,correct 2.09x laenger als Distraktor-Schnitt
FIN51,Finanzbeitrag,laengen_verraeter,correct 1.34x laenger als Distraktor-Schnitt
FIN52,Finanzbeitrag,laengen_verraeter,correct 1.36x laenger als Distraktor-Schnitt
FIN54,Finanzbeitrag,laengen_verraeter,correct 1.72x laenger als Distraktor-Schnitt
FIN56,Finanzbeitrag,laengen_verraeter,correct 1.79x laenger als Distraktor-Schnitt
FIN57,Finanzbeitrag,laengen_verraeter,correct 1.76x laenger als Distraktor-Schnitt
FIN58,Finanzbeitrag,laengen_verraeter,correct 3.57x laenger als Distraktor-Schnitt
FIN62,Finanzbeitrag,laengen_verraeter,correct 2.5x laenger als Distraktor-Schnitt
FIN63,Finanzbeitrag,laengen_verraeter,correct 1.89x laenger als Distraktor-Schnitt
EUPA41,EU-Programme,laengen_verraeter,correct 2.7x laenger als Distraktor-Schnitt
EUPA42,EU-Programme,laengen_verraeter,correct 3.04x laenger als Distraktor-Schnitt
EUPA43,EU-Programme,laengen_verraeter,correct 1.44x laenger als Distraktor-Schnitt
EUPA46,EU-Programme,laengen_verraeter,correct 2.97x laenger als Distraktor-Schnitt
EUPA50,EU-Programme,laengen_verraeter,correct 1.74x laenger als Distraktor-Schnitt
EUPA52,EU-Programme,laengen_verraeter,correct 2.55x laenger als Distraktor-Schnitt
EUPA56,EU-Programme,laengen_verraeter,correct 2.72x laenger als Distraktor-Schnitt
EUPA58,EU-Programme,laengen_verraeter,correct 1.99x laenger als Distraktor-Schnitt
LWA48,Landwirtschaft,laengen_verraeter,correct 2.51x laenger als Distraktor-Schnitt
LWA50,Landwirtschaft,laengen_verraeter,correct 3.56x laenger als Distraktor-Schnitt
LWA52,Landwirtschaft,laengen_verraeter,correct 3.24x laenger als Distraktor-Schnitt
LWA56,Landwirtschaft,laengen_verraeter,correct 3.85x laenger als Distraktor-Schnitt
LWA58,Landwirtschaft,laengen_verraeter,correct 3.67x laenger als Distraktor-Schnitt
LWA60,Landwirtschaft,laengen_verraeter,correct 2.26x laenger als Distraktor-Schnitt
LWA61,Landwirtschaft,laengen_verraeter,correct 1.72x laenger als Distraktor-Schnitt
LUV49,Luftverkehr,laengen_verraeter,correct 1.58x laenger als Distraktor-Schnitt
LUV50,Luftverkehr,laengen_verraeter,correct 1.94x laenger als Distraktor-Schnitt
LUV51,Luftverkehr,laengen_verraeter,correct 2.9x laenger als Distraktor-Schnitt
LUV56,Luftverkehr,laengen_verraeter,correct 1.84x laenger als Distraktor-Schnitt
LUV59,Luftverkehr,laengen_verraeter,correct 1.68x laenger als Distraktor-Schnitt
LUV60,Luftverkehr,laengen_verraeter,correct 3.39x laenger als Distraktor-Schnitt
INST49,Institutionell,laengen_verraeter,correct 3.4x laenger als Distraktor-Schnitt
INST51,Institutionell,laengen_verraeter,correct 1.41x laenger als Distraktor-Schnitt
INST52,Institutionell,laengen_verraeter,correct 3.04x laenger als Distraktor-Schnitt
INST54,Institutionell,laengen_verraeter,correct 2.01x laenger als Distraktor-Schnitt
INST56,Institutionell,laengen_verraeter,correct 2.49x laenger als Distraktor-Schnitt
INST57,Institutionell,laengen_verraeter,correct 3.51x laenger als Distraktor-Schnitt
INST59,Institutionell,laengen_verraeter,correct 1.68x laenger als Distraktor-Schnitt
INST61,Institutionell,laengen_verraeter,correct 3.06x laenger als Distraktor-Schnitt
INST63,Institutionell,laengen_verraeter,correct 1.8x laenger als Distraktor-Schnitt
INST64,Institutionell,laengen_verraeter,correct 1.75x laenger als Distraktor-Schnitt
INST66,Institutionell,laengen_verraeter,correct 1.72x laenger als Distraktor-Schnitt
INST67,Institutionell,laengen_verraeter,correct 3.07x laenger als Distraktor-Schnitt
LV46,Landverkehr,laengen_verraeter,correct 3.45x laenger als Distraktor-Schnitt
LV48,Landverkehr,laengen_verraeter,correct 2.24x laenger als Distraktor-Schnitt
LV49,Landverkehr,laengen_verraeter,correct 4.86x laenger als Distraktor-Schnitt
LV51,Landverkehr,laengen_verraeter,correct 3.21x laenger als Distraktor-Schnitt
LV53,Landverkehr,laengen_verraeter,correct 4.62x laenger als Distraktor-Schnitt
MRA51,MRA,laengen_verraeter,correct 2.98x laenger als Distraktor-Schnitt
MRA52,MRA,laengen_verraeter,correct 2.44x laenger als Distraktor-Schnitt
MRA54,MRA,laengen_verraeter,correct 2.89x laenger als Distraktor-Schnitt
MRA55,MRA,laengen_verraeter,correct 4.48x laenger als Distraktor-Schnitt
MRA58,MRA,laengen_verraeter,correct 1.51x laenger als Distraktor-Schnitt
LUV01,Luftverkehr,artikelnummer_in_option,
LUV04,Luftverkehr,artikelnummer_in_option,
LUV07,Luftverkehr,artikelnummer_in_option,
MRA05,MRA,artikelnummer_in_option,
ELE04,Strom,artikelnummer_in_option,
ELE22,Strom,artikelnummer_in_option,
ELE23,Strom,artikelnummer_in_option,
FZA60,Personenfreizügigkeit,artikelnummer_in_frage,Was regelt Anhang II des Freizügigkeitsabkommens?
FZA62,Personenfreizügigkeit,artikelnummer_in_frage,Was regelt Anhang III des Freizügigkeitsabkommens?
FZA67,Personenfreizügigkeit,artikelnummer_in_option,
FZA76,Personenfreizügigkeit,artikelnummer_in_frage,Ordne jedem Anhang des Freizügigkeitsabkommens seinen Inhalt zu.
ELE47,Strom,artikelnummer_in_frage,Welche Art von Beihilfe ist ohne Genehmigung mit dem Binnenmarkt vereinbar und v
ELE48,Strom,artikelnummer_in_option,
ELE49,Strom,artikelnummer_in_option,
LMS31,Lebensmittelsicherheit,artikelnummer_in_option,
LMS32,Lebensmittelsicherheit,artikelnummer_in_frage,Nach welchem Artikel der Verordnung 1829/2003 werden die GVO-Futtermittel zugela
LMS37,Lebensmittelsicherheit,artikelnummer_in_frage,"Die Schweiz darf ein Einfuhrverbot für Pelze und Pelzwaren durchsetzen, die auf "
LMS50,Lebensmittelsicherheit,artikelnummer_in_frage,Welche zwei Anhänge-Nummern aus Anhang I Abschnitt C gelten bereits ab Inkrafttr
LMS54,Lebensmittelsicherheit,artikelnummer_in_option,
LMS57,Lebensmittelsicherheit,artikelnummer_in_option,
LMS63,Lebensmittelsicherheit,artikelnummer_in_frage,Ordne jedem Anhang-Abschnitt seinen Regelungsbereich im Lebensmittelsicherheitsp
LMS70,Lebensmittelsicherheit,artikelnummer_in_option,
MRA23,MRA,artikelnummer_in_option,
MRA24,MRA,artikelnummer_in_option,
MRA31,MRA,artikelnummer_in_option,
MRA38,MRA,artikelnummer_in_frage,"Was gilt, wenn ein EU-Rechtsakt im MRA-Anhang von Behörden oder Wirtschaftsakteu"
LV12,Landverkehr,artikelnummer_in_option,
LV13,Landverkehr,artikelnummer_in_option,
LV22,Landverkehr,artikelnummer_in_option,
GE11,Gesundheit,artikelnummer_in_option,
LUV20,Luftverkehr,artikelnummer_in_frage,Worauf beziehen sich die Artikel 8 und 9 des Luftverkehrsabkommens – und was ent
LUV25,Luftverkehr,artikelnummer_in_frage,Was ist mit der Neufassung von Art. 18 Abs. 3 des Luftverkehrsabkommens neu gere
LUV36,Luftverkehr,artikelnummer_in_frage,Welche Anpassung betrifft die Fusionskontrolle im aktualisierten Luftverkehrs-An
FIN44,Finanzbeitrag,artikelnummer_in_frage,Welchen Zweck hat die Übergangsphase (Anhang III) von Ende 2024 bis Ende 2029?
EUPA19,EU-Programme,artikelnummer_in_option,
EUPA37,EU-Programme,artikelnummer_in_frage,Für das Programm Erasmus+ gilt kein Anpassungsmechanismus (Art. 8 EUPA).
LWA19,Landwirtschaft,artikelnummer_in_option,
LWA20,Landwirtschaft,artikelnummer_in_frage,Was regelt Anhang 7 des Landwirtschaftsabkommens nach der Neufassung?
LWA21,Landwirtschaft,artikelnummer_in_frage,Was regelt Anhang 9 des Landwirtschaftsabkommens?
LWA22,Landwirtschaft,artikelnummer_in_frage,Was regelt Anhang 12 des Landwirtschaftsabkommens?
LWA27,Landwirtschaft,artikelnummer_in_option,
LWA34,Landwirtschaft,artikelnummer_in_frage,Was regelt Anhang 8 des Landwirtschaftsabkommens?
LWA37,Landwirtschaft,artikelnummer_in_frage,Ordne jedem Anhang des neuen Landwirtschaftsabkommens seinen Regelungsbereich zu
INST37,Institutionell,artikelnummer_in_frage,Was enthält der Ausnahmebereich gemäss Art. 5 Abs. 7 der institutionellen Protok
LWA41,Landwirtschaft,artikelnummer_in_frage,Was regelt Anhang 10 des Landwirtschaftsabkommens?
LWA42,Landwirtschaft,artikelnummer_in_option,
LWA46,Landwirtschaft,artikelnummer_in_frage,Welche Art von Zollzugeständnissen enthält das Landwirtschaftsabkommen?
QS44,Institutionell,artikelnummer_in_frage,Welche Abkommen haben explizit keinen leeren Finanzbeitrags-Anhang?
RB04,Institutionell,artikelnummer_in_option,
RB06,Institutionell,artikelnummer_in_option,
SZ31,Landwirtschaft,artikelnummer_in_option,
WSE21,Was sagen Experten?,artikelnummer_in_frage,Ordne jeder Aussage zum Konflikt zwischen den Bilateralen III und Art. 121a BV d
WSE22,Was sagen Experten?,artikelnummer_in_frage,Ordne jeder Aussage zu Art. 121a BV und Abstimmungsmodus die richtige Quelle zu.
WSE24,Was sagen Experten?,artikelnummer_in_frage,Ordne jeder Aussage zum Willkürverbot (Art. 9 BV) und Ausgleichsmassnahmen die r
WSE35,Was sagen Experten?,artikelnummer_in_frage,Ordne jeder Aussage zur Frage «Was schützt Art. 34 Abs. 2 BV?» die richtige Quel
WSP36,Weltraum,artikelnummer_in_option,
WSP44,Weltraum,artikelnummer_in_option,
WSP54,Weltraum,artikelnummer_in_option,
GE42,Gesundheit,artikelnummer_in_frage,Was regelt Art. 23 der Verordnung 2022/2371 in Bezug auf die Schweiz?
EUPA44,EU-Programme,artikelnummer_in_frage,Welches EU-Gremium prüft die Rechtmässigkeit von EU-Kommissionsbeschlüssen nach 
LWA48,Landwirtschaft,artikelnummer_in_frage,Was regelt Anhang 10 des Landwirtschaftsabkommens?
LWA55,Landwirtschaft,artikelnummer_in_frage,"Können Anhang-5, 6, 8, 9-Änderungen im Landwirtschaftsabkommen durch Beschluss d"
LWA58,Landwirtschaft,artikelnummer_in_frage,Welche Verordnung bildet die Grundlage für den ökologischen Landbau in Anhang 9 
LWA60,Landwirtschaft,artikelnummer_in_frage,Für welche Art von Produkten sieht das Landwirtschaftsabkommen den Schutz geogra
LUV53,Luftverkehr,artikelnummer_in_frage,Welche Bezugnahme ersetzen Verweise auf Art. 101 und 102 AEUV in EU-Rechtsakten 
LUV58,Luftverkehr,artikelnummer_in_frage,Wie viele thematische Abschnitte hat der Anhang des Luftverkehrsabkommens?
LUV60,Luftverkehr,artikelnummer_in_option,
INST01,Institutionell,referenz_nachschaerfen,IP Luftverkehr Art. 4 · IP MRA Art. 4 · IP FZA Art. 4 · Gesu
INST04,Institutionell,referenz_nachschaerfen,IP Luftverkehr Art. 10 · IP MRA Art. 10 · IP FZA Art. 10 · G
INST05,Institutionell,referenz_nachschaerfen,IP Luftverkehr Art. 10 · IP MRA Art. 10 · IP FZA Art. 10 · G
INST06,Institutionell,referenz_nachschaerfen,IP Luftverkehr Art. 9 · IP MRA Art. 9 · IP FZA Art. 9 · Gesu
INST07,Institutionell,referenz_nachschaerfen,IP Luftverkehr Art. 11 · IP MRA Art. 11 · IP FZA Art. 11 · G
INST12,Institutionell,referenz_nachschaerfen,IP Luftverkehr Art. 10 · IP MRA Art. 10 · IP FZA Art. 10 · G
INST13,Institutionell,referenz_nachschaerfen,IP Luftverkehr Art. 11 · IP MRA Art. 11 · IP FZA Art. 11 · G
INST15,Institutionell,referenz_nachschaerfen,IP Luftverkehr Art. 5 und 6 · IP MRA Art. 5 und 6 · IP FZA A
INST16,Institutionell,referenz_nachschaerfen,IP Luftverkehr Anlage Art. II.1 · IP MRA Anlage Art. II.1 · 
INST23,Institutionell,referenz_nachschaerfen,IP Luftverkehr Art. 9–12 · IP MRA Art. 9–12 · IP FZA Art. 9–
LUV03,Luftverkehr,referenz_nachschaerfen,ÄP Luftverkehr Art. 1; Abschnitt A des Anhangs
LUV04,Luftverkehr,referenz_nachschaerfen,"ÄP Luftverkehr Art. 1; Anhang Abschnitt Flugsicherheit, Vero"
LUV07,Luftverkehr,referenz_nachschaerfen,ÄP Luftverkehr Art. 1; neuer Art. 28A des Abkommens
MRA03,MRA,referenz_nachschaerfen,ÄP MRA Art. 1; neuer Art. 1 des Abkommens
MRA04,MRA,referenz_nachschaerfen,ÄP MRA Art. 1; neuer Art. 1 des Abkommens
MRA05,MRA,referenz_nachschaerfen,ÄP MRA Art. 1; neuer Art. 3 des Abkommens
MRA06,MRA,referenz_nachschaerfen,ÄP MRA Art. 1; neuer Art. 11 des Abkommens
MRA08,MRA,referenz_nachschaerfen,ÄP MRA Art. 1; neuer Art. 10 des Abkommens
MRA09,MRA,referenz_nachschaerfen,ÄP MRA Art. 2; Anhang 1 Kapitel 4
MRA10,MRA,referenz_nachschaerfen,ÄP MRA Art. 2; Anhang 1 Kapitel 15
MRA11,MRA,referenz_nachschaerfen,ÄP MRA Art. 1; neuer Art. 13bis des Abkommens
MRA14,MRA,referenz_nachschaerfen,"ÄP MRA, neuer Art. 11 des Abkommens"
MRA15,MRA,referenz_nachschaerfen,"ÄP MRA, Anhang 1 Kapitel 15"
MRA16,MRA,referenz_nachschaerfen,"ÄP MRA, Anhang 1 Kapitel 15"
MRA17,MRA,referenz_nachschaerfen,"ÄP MRA, neuer Art. 10 des Abkommens"
MRA19,MRA,referenz_nachschaerfen,"ÄP MRA, neuer Art. 11 des Abkommens"
MRA20,MRA,referenz_nachschaerfen,"ÄP MRA, neue Art. 1, 3, 10 und 11 des Abkommens"
GES01,Gesundheit,referenz_nachschaerfen,Gesundheitsabkommen Art. 2
GES02,Gesundheit,referenz_nachschaerfen,"Gesundheitsabkommen, Anhang I (ECDC)"
GES03,Gesundheit,referenz_nachschaerfen,Gesundheitsabkommen Art. 27
GES04,Gesundheit,referenz_nachschaerfen,"Gesundheitsabkommen, Präambel / Art. 4"
GES05,Gesundheit,referenz_nachschaerfen,"Gesundheitsabkommen, Anhang I (ECDC)"
GES06,Gesundheit,referenz_nachschaerfen,Gesundheitsabkommen Art. 27
FZA04,Personenfreizügigkeit,referenz_nachschaerfen,"ÄP FZA, neuer Art. 14a des Abkommens"
FZA06,Personenfreizügigkeit,referenz_nachschaerfen,"ÄP FZA, neue Art. 5a, 5g des Abkommens"
FZA07,Personenfreizügigkeit,referenz_nachschaerfen,"ÄP FZA, neuer Art. 5g des Abkommens"
FZA09,Personenfreizügigkeit,referenz_nachschaerfen,"ÄP FZA, neuer Art. 7e des Abkommens"
FZA11,Personenfreizügigkeit,referenz_nachschaerfen,"ÄP FZA, neuer Art. 5j des Abkommens"
FZA12,Personenfreizügigkeit,referenz_nachschaerfen,"ÄP FZA, neuer Art. 5g des Abkommens"
FZA13,Personenfreizügigkeit,referenz_nachschaerfen,"ÄP FZA, neuer Art. 5a des Abkommens"
FZA14,Personenfreizügigkeit,referenz_nachschaerfen,"ÄP FZA, neuer Art. 5h des Abkommens"
FZA15,Personenfreizügigkeit,referenz_nachschaerfen,"ÄP FZA, Präambel-Ergänzung"
FZA16,Personenfreizügigkeit,referenz_nachschaerfen,"ÄP FZA, Anhang I; Art. 16 der Richtlinie 2004/38/EG"
FZA17,Personenfreizügigkeit,referenz_nachschaerfen,"ÄP FZA, neuer Art. 7e des Abkommens"
FZA19,Personenfreizügigkeit,referenz_nachschaerfen,"ÄP FZA, neuer Art. 7h des Abkommens"
FZA20,Personenfreizügigkeit,referenz_nachschaerfen,"ÄP FZA, neuer Art. 7f des Abkommens"
FZA21,Personenfreizügigkeit,referenz_nachschaerfen,"ÄP FZA, neuer Art. 7b des Abkommens"
FZA22,Personenfreizügigkeit,referenz_nachschaerfen,"ÄP FZA, neuer Art. 7g des Abkommens"
FZA23,Personenfreizügigkeit,referenz_nachschaerfen,"ÄP FZA, neuer Art. 7a des Abkommens"
FZA24,Personenfreizügigkeit,referenz_nachschaerfen,"ÄP FZA, neue Art. 4a und 4b des Abkommens"
FZA26,Personenfreizügigkeit,referenz_nachschaerfen,"ÄP FZA, neuer Art. 7c des Abkommens"
FZA28,Personenfreizügigkeit,referenz_nachschaerfen,"ÄP FZA, Anhang I"
FZA29,Personenfreizügigkeit,referenz_nachschaerfen,"ÄP FZA, neuer Art. 14a des Abkommens"
FZA30,Personenfreizügigkeit,referenz_nachschaerfen,"ÄP FZA, neuer Art. 5g des Abkommens"
FZA31,Personenfreizügigkeit,referenz_nachschaerfen,"ÄP FZA, neuer Art. 5j des Abkommens"
FZA32,Personenfreizügigkeit,referenz_nachschaerfen,"ÄP FZA, neuer Art. 7e des Abkommens"
FZA33,Personenfreizügigkeit,referenz_nachschaerfen,"ÄP FZA, neuer Art. 7h des Abkommens"
FZA34,Personenfreizügigkeit,referenz_nachschaerfen,"ÄP FZA, Präambel-Ergänzung"
FZA35,Personenfreizügigkeit,referenz_nachschaerfen,"ÄP FZA, neuer Art. 5g des Abkommens"
FZA36,Personenfreizügigkeit,referenz_nachschaerfen,"ÄP FZA, Anhang I; Art. 16 der Richtlinie 2004/38/EG"
FZA37,Personenfreizügigkeit,referenz_nachschaerfen,"ÄP FZA, neuer Art. 5a des Abkommens"
FZA42,Personenfreizügigkeit,referenz_nachschaerfen,"ÄP FZA, neue Art. 7a, 7e, 5j und 14a des Abkommens"
LAV012,Landverkehr,referenz_nachschaerfen,"Änderungsprotokoll, Art. 32a"
LAV014,Landverkehr,referenz_nachschaerfen,"Änderungsprotokoll, Art. 29a"
LAV019,Landverkehr,referenz_nachschaerfen,"Änderungsprotokoll, Art. 32a"
ELE01,Strom,referenz_nachschaerfen,"Stromabkommen, Art. 1 und 10"
ELE03,Strom,referenz_nachschaerfen,"Stromabkommen, Anhang I, Anpassung zu Art. 21 der Verordnung"
ELE04,Strom,referenz_nachschaerfen,"Stromabkommen, Art. 4"
ELE10,Strom,referenz_nachschaerfen,"Stromabkommen, Art. 7"
ELE11,Strom,referenz_nachschaerfen,"Stromabkommen, Art. 5"
ELE17,Strom,referenz_nachschaerfen,"Stromabkommen, Art. 15"
ELE18,Strom,referenz_nachschaerfen,"Stromabkommen, Anhang I, Anpassung Verordnung 2015/1222"
ELE21,Strom,referenz_nachschaerfen,"Stromabkommen, Anhang I, Anpassungen zu den Netzkodex-Verord"
ELE23,Strom,referenz_nachschaerfen,"Stromabkommen, Art. 21"
ELE24,Strom,referenz_nachschaerfen,"Stromabkommen, Art. 22"
ELE25,Strom,referenz_nachschaerfen,"Stromabkommen, Anhang I, Anpassung zur Verordnung 2024/1366"
ELE26,Strom,referenz_nachschaerfen,"Stromabkommen, Anhang I, Anpassung zur Verordnung 1227/2011 "
ELE28,Strom,referenz_nachschaerfen,"Stromabkommen, Art. 51"
ELE31,Strom,referenz_nachschaerfen,"Stromabkommen, Art. 5 und 6"
ELE32,Strom,referenz_nachschaerfen,"Stromabkommen, Anhang I, Anpassung zu Art. 21 der Verordnung"
ELE33,Strom,referenz_nachschaerfen,"Stromabkommen, Art. 7"
ELE34,Strom,referenz_nachschaerfen,"Stromabkommen, Anhang I, Anpassung zur Verordnung 2019/943"
ELE37,Strom,referenz_nachschaerfen,"Stromabkommen, Anhang I, Anpassung Verordnung 2015/1222"
LMS01,Lebensmittelsicherheit,referenz_nachschaerfen,"Protokoll Lebensmittelsicherheit, Art. 1"
LMS02,Lebensmittelsicherheit,referenz_nachschaerfen,"Protokoll Lebensmittelsicherheit, Art. 2"
LMS03,Lebensmittelsicherheit,referenz_nachschaerfen,"Protokoll Lebensmittelsicherheit, Art. 6"
LMS11,Lebensmittelsicherheit,referenz_nachschaerfen,"Protokoll Lebensmittelsicherheit, Anhang I Abschnitt 2 H, An"
LMS12,Lebensmittelsicherheit,referenz_nachschaerfen,"Protokoll Lebensmittelsicherheit, Anhang I Abschnitt 2 A, An"
LMS14,Lebensmittelsicherheit,referenz_nachschaerfen,"Protokoll Lebensmittelsicherheit, Anhang I Abschnitt 2 M, An"
LMS15,Lebensmittelsicherheit,referenz_nachschaerfen,"Protokoll Lebensmittelsicherheit, Anhang I Abschnitt 2 P, An"
LMS16,Lebensmittelsicherheit,referenz_nachschaerfen,"Protokoll Lebensmittelsicherheit, Anhang I Abschnitt 2 K, An"
LMS20,Lebensmittelsicherheit,referenz_nachschaerfen,"Protokoll Lebensmittelsicherheit, Anhang I Abschnitt 2 P, An"
LMS21,Lebensmittelsicherheit,referenz_nachschaerfen,"Protokoll Lebensmittelsicherheit, Anhang I Abschnitt 2 H"
LWA01,Landwirtschaft,referenz_nachschaerfen,"ÄP-LwA, Präambel"
LWA03,Landwirtschaft,referenz_nachschaerfen,"ÄP-LwA, Präambel; Schiedsgerichtsprotokoll Art. I.1"
LWA05,Landwirtschaft,referenz_nachschaerfen,"Schiedsgerichtsprotokoll LwA, Art. I.2"
LWA07,Landwirtschaft,referenz_nachschaerfen,"ÄP-LwA, neuer Art. 7b; Schiedsgerichtsprotokoll Art. III.9"
LWA08,Landwirtschaft,referenz_nachschaerfen,"ÄP-LwA, Präambel und Schiedsgerichtsprotokoll"
LWA14,Landwirtschaft,referenz_nachschaerfen,"Schiedsgerichtsprotokoll LwA, Art. III.2"
LWA15,Landwirtschaft,referenz_nachschaerfen,"Schiedsgerichtsprotokoll LwA, Art. II.1"
FIN01,Finanzbeitrag,referenz_nachschaerfen,"Beitragsabkommen, Art. 1 und Präambel"
FIN04,Finanzbeitrag,referenz_nachschaerfen,"Beitragsabkommen, Art. 3 Buchstaben b und c"
FIN12,Finanzbeitrag,referenz_nachschaerfen,"Beitragsabkommen, Art. 10"
FIN13,Finanzbeitrag,referenz_nachschaerfen,"Beitragsabkommen, Art. 1"
FIN19,Finanzbeitrag,referenz_nachschaerfen,"Beitragsabkommen, Art. 3 Buchstabe c"
WSP01,Weltraum,referenz_nachschaerfen,"EUSPA-Abkommen, Art. 1"
WSP02,Weltraum,referenz_nachschaerfen,"EUSPA-Abkommen, Art. 2"
WSP03,Weltraum,referenz_nachschaerfen,"EUSPA-Abkommen, Art. 3"
WSP04,Weltraum,referenz_nachschaerfen,"EUSPA-Abkommen, Anhang I"
WSP05,Weltraum,referenz_nachschaerfen,"EUSPA-Abkommen, Anhang III Art. 7"
WSP06,Weltraum,referenz_nachschaerfen,"EUSPA-Abkommen, Art. 13"
WSP08,Weltraum,referenz_nachschaerfen,"EUSPA-Abkommen, Art. 2"
WSP09,Weltraum,referenz_nachschaerfen,"EUSPA-Abkommen, Anhang III Art. 7"
WSP10,Weltraum,referenz_nachschaerfen,"EUSPA-Abkommen, Art. 13"
WSP11,Weltraum,referenz_nachschaerfen,"EUSPA-Abkommen, Anhang I"
WSP14,Weltraum,referenz_nachschaerfen,"EUSPA-Abkommen, Art. 6, 9 und Anhang II"
FZA43,Personenfreizügigkeit,referenz_nachschaerfen,"ÄP FZA, neuer Art. 5i des Abkommens"
FZA44,Personenfreizügigkeit,referenz_nachschaerfen,"ÄP FZA, neuer Art. 5i des Abkommens"
FZA49,Personenfreizügigkeit,referenz_nachschaerfen,"ÄP FZA, neuer Art. 5h des Abkommens"
FZA50,Personenfreizügigkeit,referenz_nachschaerfen,"ÄP FZA, neuer Art. 7e des Abkommens"
FZA51,Personenfreizügigkeit,referenz_nachschaerfen,"ÄP FZA, Präambel-Ergänzung"
FZA52,Personenfreizügigkeit,referenz_nachschaerfen,"IP FZA, Art. 10 (analog zu den anderen institutionellen Prot"
FZA60,Personenfreizügigkeit,referenz_nachschaerfen,"ÄP FZA, Anhang II"
FZA62,Personenfreizügigkeit,referenz_nachschaerfen,"ÄP FZA, Anhang III"
FZA63,Personenfreizügigkeit,referenz_nachschaerfen,"ÄP FZA, Anhang III"
FZA76,Personenfreizügigkeit,referenz_nachschaerfen,"ÄP FZA, Anhänge I–III; IP FZA, Anhang"
FZA78,Personenfreizügigkeit,referenz_nachschaerfen,"IP FZA, Anlage Art. III.3"
ELE52,Strom,referenz_nachschaerfen,"Stromabkommen, Art. 44"
ELE55,Strom,referenz_nachschaerfen,"Stromabkommen, Art. 46"
ELE59,Strom,referenz_nachschaerfen,"Stromabkommen, Art. 44"
ELE75,Strom,referenz_nachschaerfen,"Stromabkommen, Art. 3"
LMS53,Lebensmittelsicherheit,referenz_nachschaerfen,"Protokoll LMS, Art. 2"
LMS58,Lebensmittelsicherheit,referenz_nachschaerfen,"Protokoll LMS, Art. 2; Anhang I Abschnitt B"
LMS63,Lebensmittelsicherheit,referenz_nachschaerfen,"Protokoll LMS, Anhang I Abschnitt 2"
MRA35,MRA,referenz_nachschaerfen,"ÄP-MRA, Art. 1 (neuer Art. 1)"
LV22,Landverkehr,referenz_nachschaerfen,"IP-LandVA, Anhang Art. 1"
GE07,Gesundheit,referenz_nachschaerfen,"Gesundheitsabkommen, Präambel und Art. 4"
GE13,Gesundheit,referenz_nachschaerfen,"Gesundheitsabkommen, Art. 21 und Präambel"
GE16,Gesundheit,referenz_nachschaerfen,"Gesundheitsabkommen, Präambel"
LUV21,Luftverkehr,referenz_nachschaerfen,"IP-LuftVA, Art. 1 und 3"
LUV34,Luftverkehr,referenz_nachschaerfen,"ÄP-LuftVA, IP-LuftVA, Prot. st. Beihilfen LuftVA"
LUV39,Luftverkehr,referenz_nachschaerfen,"IP-LuftVA, Anhang Art. 1"
LUV40,Luftverkehr,referenz_nachschaerfen,"ÄP-LuftVA, Anhang Abschnitte 1–5"
EUPA16,EU-Programme,referenz_nachschaerfen,"EUPA, Art. 1"
EUPA24,EU-Programme,referenz_nachschaerfen,"EUPA, Protokoll 1 Art. 10"
EUPA25,EU-Programme,referenz_nachschaerfen,"EUPA, Protokoll 1 Art. 10"
EUPA30,EU-Programme,referenz_nachschaerfen,"EUPA, Protokoll 1 Art. 6"
EUPA32,EU-Programme,referenz_nachschaerfen,EUPA enthält kein eigenes Schiedsprotokoll – die Streitbeile
EUPA40,EU-Programme,referenz_nachschaerfen,"EUPA, Art. 1; Protokolle 1–3"
WSP18,Weltraum,referenz_nachschaerfen,"EUSPA-Abkommen, Art. 12 und 13"
WSP19,Weltraum,referenz_nachschaerfen,"EUSPA-Abkommen, Art. 1 und Art. 5"
WSP20,Weltraum,referenz_nachschaerfen,"EUSPA-Abkommen, Art. 6 und 9; Anhang II"
WSP21,Weltraum,referenz_nachschaerfen,"EUSPA-Abkommen, Art. 1"
WSP22,Weltraum,referenz_nachschaerfen,"EUSPA-Abkommen, Anhang I"
WSP24,Weltraum,referenz_nachschaerfen,"EUSPA-Abkommen, Art. 16"
WSP27,Weltraum,referenz_nachschaerfen,"EUSPA-Abkommen, Art. 2, 3, 9, 13"
WSP28,Weltraum,referenz_nachschaerfen,"EUSPA-Abkommen, Art. 13"
WSP29,Weltraum,referenz_nachschaerfen,"EUSPA-Abkommen, Anhang I"
WSP30,Weltraum,referenz_nachschaerfen,"EUSPA-Abkommen, Art. 9; Anhang II"
WSP32,Weltraum,referenz_nachschaerfen,"EUSPA-Abkommen, Art. 3"
WSP33,Weltraum,referenz_nachschaerfen,"EUSPA-Abkommen, Anhang I"
WSP34,Weltraum,referenz_nachschaerfen,"EUSPA-Abkommen, Anhang III Art. 7"
WSP35,Weltraum,referenz_nachschaerfen,"EUSPA-Abkommen, Art. 1"
LWA24,Landwirtschaft,referenz_nachschaerfen,"ÄP-LwA, Art. 2"
LWA27,Landwirtschaft,referenz_nachschaerfen,"ÄP-LwA, Präambel"
LWA38,Landwirtschaft,referenz_nachschaerfen,"Schiedsgerichtsprotokoll LwA, Art. I.2"
LWA40,Landwirtschaft,referenz_nachschaerfen,"ÄP-LwA, Art. 2"
INST25,Institutionell,referenz_nachschaerfen,"IP-LandVA, Art. 9 (analog in allen institutionellen Protokol"
INST26,Institutionell,referenz_nachschaerfen,"IP-LandVA, Art. 12 (analog in allen institutionellen Protoko"
INST46,Institutionell,referenz_nachschaerfen,EUSPA Art. 13; GE Art. 16; IP-LandVA Art. 11; LwA Schiedspro
GE35,Gesundheit,referenz_nachschaerfen,"Gesundheitsabkommen, Art. 12"
GE39,Gesundheit,referenz_nachschaerfen,"Gesundheitsabkommen, Art. 6, 15, 16, 27"
GE40,Gesundheit,referenz_nachschaerfen,"Gesundheitsabkommen, Art. 21"
LV38,Landverkehr,referenz_nachschaerfen,"ÄP-LandVA, Anhang 1 Abschnitt 4 (Richtlinie 2012/34/EU)"
LV39,Landverkehr,referenz_nachschaerfen,"ÄP-LandVA, Anhang 1 Abschnitt 4 (Richtlinie 2016/798)"
LUV41,Luftverkehr,referenz_nachschaerfen,"ÄP-LuftVA, Anhang Abschnitt 4 (Verordnung EU 598/2014)"
LUV42,Luftverkehr,referenz_nachschaerfen,"ÄP-LuftVA, Anhang Abschnitt 1 (Verordnung 95/93)"
LUV43,Luftverkehr,referenz_nachschaerfen,"ÄP-LuftVA, Anhang Abschnitt 4 (Verordnung 2003/87/EG)"
LUV44,Luftverkehr,referenz_nachschaerfen,"ÄP-LuftVA, Anhang Abschnitt 4 (Verordnung 598/2014)"
LWA44,Landwirtschaft,referenz_nachschaerfen,"ÄP-LwA, Anhang 12 Abschnitt B"
LWA45,Landwirtschaft,referenz_nachschaerfen,"Schiedsgerichtsprotokoll LwA, Art. II.1"
QS05,Institutionell,referenz_nachschaerfen,"EUSPA-Abkommen, Art. 13"
QS06,Institutionell,referenz_nachschaerfen,Schiedsprotokoll LwA Art. IV.3; Beitragsabkommen Art. 16
QS07,Institutionell,referenz_nachschaerfen,"Alle Schiedsprotokolle: IP-LandVA, IP-LuftVA, IP-MRA, IP-FZA"
QS12,Institutionell,referenz_nachschaerfen,ÄP-LwA Präambel
QS20,Institutionell,referenz_nachschaerfen,Alle institutionellen Protokolle
QS24,Institutionell,referenz_nachschaerfen,Alle institutionellen Protokolle
QS25,Institutionell,referenz_nachschaerfen,Alle institutionellen Protokolle: Finanzbeitrags-Anhänge
QS27,Institutionell,referenz_nachschaerfen,Alle institutionellen Protokolle: Finanzbeitrags-Anhänge
QS28,Institutionell,referenz_nachschaerfen,IP-LandVA Anhang Art. 1; IP-LuftVA Anhang Art. 1
QS33,Institutionell,referenz_nachschaerfen,GE Art. 6; LMS Art. 7; IP-FZA Art. 5; ÄP-LwA
QS34,Institutionell,referenz_nachschaerfen,Alle Abkommen: acquired rights-Klausel
QS35,Institutionell,referenz_nachschaerfen,Alle institutionellen Protokolle
QS36,Institutionell,referenz_nachschaerfen,Alle institutionellen Protokolle: Art. 16
QS40,Institutionell,referenz_nachschaerfen,Alle institutionellen Protokolle: Art. 4
QS41,Institutionell,referenz_nachschaerfen,Alle institutionellen Protokolle: Art. 12
QS44,Institutionell,referenz_nachschaerfen,IP-LandVA Anhang Art. 1; IP-LuftVA Anhang Art. 1
QS45,Institutionell,referenz_nachschaerfen,Alle institutionellen Protokolle: Schiedsverfahrensordnung A
QS47,EU-Programme,referenz_nachschaerfen,"EUPA, Protokoll 1 Art. 8, 9, 15; Protokoll 2 Art. 2"
QS48,Institutionell,referenz_nachschaerfen,Stromabkommen Art. 14; LuftVA Protokoll staatliche Beihilfen
QS53,Institutionell,referenz_nachschaerfen,"Gesundheitsabkommen, Präambel und Art. 4"
QS55,Institutionell,referenz_nachschaerfen,"Beitragsabkommen, Präambel"
QS56,Institutionell,referenz_nachschaerfen,Stromabkommen Art. 14; LuftVA Beihilfeprotokoll; ÄP-LandVA
QS58,Institutionell,referenz_nachschaerfen,LMS Art. 7; ÄP-LandVA Art. 32a; ÄP-MRA Kapitel 15; GE Art. 1
QS59,Institutionell,referenz_nachschaerfen,Alle institutionellen Protokolle: Art. 12
QS60,Institutionell,referenz_nachschaerfen,Schiedsprotokoll LwA Art. IV.3; Beitragsabkommen Art. 16
RA03,Institutionell,referenz_nachschaerfen,"IP-LandVA, Art. 4; alle institutionellen Protokolle"
RA06,Institutionell,referenz_nachschaerfen,"IP-LSA, Art. 21; IP-MRA, Art. 11; kein entsprechender Schwei"
RA17,Institutionell,referenz_nachschaerfen,"Alle institutionellen Protokolle: Art. 4 (Mitsprache), Art. "
RB01,Institutionell,referenz_nachschaerfen,"Richli, Rechtsgutachten IWP, 9. April 2026, S. 32 (Rz. 126);"
RB02,Institutionell,referenz_nachschaerfen,"Richli, Rechtsgutachten IWP, 9. April 2026, S. 58 ff. (Rz. 2"
RB03,Institutionell,referenz_nachschaerfen,"Richli, Rechtsgutachten IWP, 9. April 2026, S. 24 (Rz. 99); "
RB04,Institutionell,referenz_nachschaerfen,"Richli, Rechtsgutachten IWP, 9. April 2026, S. 33 (Rz. 133)"
RB05,Institutionell,referenz_nachschaerfen,"Richli, Rechtsgutachten IWP, 9. April 2026, S. 4 f. (Executi"
RB06,Institutionell,referenz_nachschaerfen,"Richli, Rechtsgutachten IWP, 9. April 2026, Executive Summar"
RB07,Institutionell,referenz_nachschaerfen,"Richli, Rechtsgutachten IWP, 9. April 2026, Executive Summar"
RB08,Institutionell,referenz_nachschaerfen,"Richli, Rechtsgutachten IWP, 9. April 2026, S. 80 f. (Rz. 30"
WSE01,Was sagen Experten?,referenz_nachschaerfen,"Richli, IWP 2026, S. 32 f. (Rz. 126–129); Botschaft 2026"
WSE02,Was sagen Experten?,referenz_nachschaerfen,"Richli, IWP 2026, S. 24 (Rz. 99), S. 34 (Rz. 129 f.)"
WSE03,Was sagen Experten?,referenz_nachschaerfen,"Richli, IWP 2026, S. 30 f. (Rz. 115–119)"
WSE04,Was sagen Experten?,referenz_nachschaerfen,"Richli, IWP 2026, S. 26 f. (Rz. 106 ff.)"
WSE05,Was sagen Experten?,referenz_nachschaerfen,"Richli, IWP 2026, S. 70 ff. (Rz. 260 ff.); S. 80 (Rz. 300)"
WSE06,Was sagen Experten?,referenz_nachschaerfen,"Richli, IWP 2026, S. 82 ff. (Teil D)"
WSE07,Was sagen Experten?,referenz_nachschaerfen,"Richli, IWP 2026, S. 60 f. (Rz. 235 ff.); Executive Summary "
WSE08,Was sagen Experten?,referenz_nachschaerfen,"Richli, IWP 2026, S. 27 ff. (Rz. 107 ff.)"
WSE09,Was sagen Experten?,referenz_nachschaerfen,"Richli, IWP 2026, S. 62 ff. (Rz. 237 ff.)"
WSE10,Was sagen Experten?,referenz_nachschaerfen,"Richli, IWP 2026, S. 32 (Rz. 126)"
WSE11,Was sagen Experten?,referenz_nachschaerfen,"Richli, IWP 2026, S. 19 ff. (Rz. 73 ff.)"
WSE12,Was sagen Experten?,referenz_nachschaerfen,"Richli, IWP 2026, S. 31 f. (Rz. 120 ff.)"
WSE13,Was sagen Experten?,referenz_nachschaerfen,"Richli, IWP 2026, S. 30 (Rz. 115–118), S. 58 ff. (Rz. 222 ff"
WSE14,Was sagen Experten?,referenz_nachschaerfen,"Richli, IWP 2026, S. 54 ff. (Rz. 210 ff.)"
WSE15,Was sagen Experten?,referenz_nachschaerfen,"Richli, IWP 2026, S. 80 f. (Rz. 303 ff.)"
BD01,Begriffe,referenz_nachschaerfen,Alle institutionellen Protokolle: Art. 5 und 6
BD02,Begriffe,referenz_nachschaerfen,Alle institutionellen Protokolle: Art. 16
BD03,Begriffe,referenz_nachschaerfen,Alle institutionellen Protokolle: Art. 11
BD05,Begriffe,referenz_nachschaerfen,Alle institutionellen Protokolle: Schiedsverfahrensordnung
BD06,Begriffe,referenz_nachschaerfen,Alle institutionellen Protokolle: Art. 4
BD09,Begriffe,referenz_nachschaerfen,Alle Abkommen: Acquired-rights-Klausel
BD13,Begriffe,referenz_nachschaerfen,"ÄP-FZA, neuer Art. 14a"
BD15,Begriffe,referenz_nachschaerfen,"ÄP-LandVA, neuer Art. 40"
BD17,Begriffe,referenz_nachschaerfen,"ÄP-MRA, Art. 1"
BD18,Begriffe,referenz_nachschaerfen,"ÄP-FZA, Art. 1"
BD19,Begriffe,referenz_nachschaerfen,"Protokoll LMS, Art. 1 und 2"
BD20,Begriffe,referenz_nachschaerfen,"ÄP-MRA, Art. 1"
BD25,Begriffe,referenz_nachschaerfen,"ÄP-LuftVA, Anhang Abschnitt 3"
BD26,Begriffe,referenz_nachschaerfen,"ÄP-LandVA, neuer Art. 29a"
BD28,Begriffe,referenz_nachschaerfen,"EUSPA-Abkommen, Art. 1"
BD30,Begriffe,referenz_nachschaerfen,"ÄP-LwA, Anhang 12"
BD32,Begriffe,referenz_nachschaerfen,Alle institutionellen Protokolle: Schiedsverfahrensordnung A
BD33,Begriffe,referenz_nachschaerfen,Grundwissen; relevant für IP-Protokolle Art. 10
BD34,Begriffe,referenz_nachschaerfen,"Richli, IWP 2026, S. 11 ff.; alle institutionellen Protokoll"
BD35,Begriffe,referenz_nachschaerfen,"Gesundheitsabkommen, Präambel und Art. 4"
BD36,Begriffe,referenz_nachschaerfen,Alle institutionellen Protokolle
BD37,Begriffe,referenz_nachschaerfen,Alle institutionellen Protokolle: Finanzbeitrags-Anhänge
BD38,Begriffe,referenz_nachschaerfen,"EUPA, Art. 12"
BD39,Begriffe,referenz_nachschaerfen,Alle Abkommen: Acquired-rights-Klausel
BD40,Begriffe,referenz_nachschaerfen,Alle institutionellen Protokolle: Schiedsverfahrensordnung A
SZ05,Personenfreizügigkeit,referenz_nachschaerfen,"ÄP-FZA, neuer Art. 5h"
SZ18,Luftverkehr,referenz_nachschaerfen,"ÄP-LuftVA, Anhang Abschnitt 4 (Verordnung 598/2014)"
SZ19,Luftverkehr,referenz_nachschaerfen,"ÄP-LuftVA, neuer Art. 22"
SZ31,Landwirtschaft,referenz_nachschaerfen,"ÄP-LwA, Anhang 12"
SZ35,Institutionell,referenz_nachschaerfen,Alle Abkommen: Kündigungsklausel
SZ42,Begriffe,referenz_nachschaerfen,"IP-LandVA, Art. 6, 10, 11; alle institutionellen Protokolle"
SZ44,Begriffe,referenz_nachschaerfen,"IP-LandVA, Art. 11; alle institutionellen Protokolle"
SZ45,Begriffe,referenz_nachschaerfen,"Präambel aller Abkommen; Richli, IWP 2026 (differenzierte Si"
SZ46,Personenfreizügigkeit,referenz_nachschaerfen,"ÄP-FZA, neuer Art. 7e"
WSE18,Was sagen Experten?,referenz_nachschaerfen,"Richli, IWP 2026, S. 37 (Rz. 146), S. 41 (Rz. 157), S. 51 ff"
WSE19,Was sagen Experten?,referenz_nachschaerfen,"Richli, IWP 2026, S. 59 (Rz. 228 ff.)"
WSE20,Was sagen Experten?,referenz_nachschaerfen,"Richli, IWP 2026, S. 60 f. (Rz. 231 ff.)"
WSE21,Was sagen Experten?,referenz_nachschaerfen,"Richli, IWP 2026, S. 94 f. (Rz. 335 ff.)"
WSE22,Was sagen Experten?,referenz_nachschaerfen,"Richli, IWP 2026, S. 107 ff."
WSE23,Was sagen Experten?,referenz_nachschaerfen,"Richli, IWP 2026, S. 58 f. (Rz. 224 ff.)"
WSE24,Was sagen Experten?,referenz_nachschaerfen,"Richli, IWP 2026, S. 59 (Rz. 226 f.)"
WSE25,Was sagen Experten?,referenz_nachschaerfen,"Richli, IWP 2026, S. 95 ff. (Rz. 339 ff.), S. 100 ff."
WSE26,Was sagen Experten?,referenz_nachschaerfen,"Richli, IWP 2026, S. 95 (Rz. 340), S. 105 f."
WSE27,Was sagen Experten?,referenz_nachschaerfen,"Richli, IWP 2026, S. 11 ff., S. 32 f. (Rz. 125 ff.)"
WSE28,Was sagen Experten?,referenz_nachschaerfen,"Richli, IWP 2026, S. 12 ff. (Rz. 34 ff.), S. 16 ff. (Rz. 48 "
WSE29,Was sagen Experten?,referenz_nachschaerfen,"Richli, IWP 2026, S. 39 f. (Rz. 154 ff.)"
WSE30,Was sagen Experten?,referenz_nachschaerfen,"Richli, IWP 2026, S. 51 ff. (Rz. 195 ff.)"
WSE31,Was sagen Experten?,referenz_nachschaerfen,"Richli, IWP 2026, S. 55 f. (Rz. 213 f.)"
WSE32,Was sagen Experten?,referenz_nachschaerfen,"Richli, IWP 2026, S. 20 (Rz. 80), S. 34 (Rz. 129 f.)"
WSE33,Was sagen Experten?,referenz_nachschaerfen,"Richli, IWP 2026, S. 19 (Rz. 74), S. 22 (Rz. 87)"
WSE34,Was sagen Experten?,referenz_nachschaerfen,"Richli, IWP 2026, S. 118"
WSE35,Was sagen Experten?,referenz_nachschaerfen,"Richli, IWP 2026, S. 31 (Rz. 119)"
WSE36,Was sagen Experten?,referenz_nachschaerfen,"Richli, IWP 2026, S. 27 ff. (Rz. 107 ff.), S. 33 (Rz. 133)"
WSE37,Was sagen Experten?,referenz_nachschaerfen,"Richli, IWP 2026, S. 31 f. (Rz. 120 ff.)"
WSE38,Was sagen Experten?,referenz_nachschaerfen,"Richli, IWP 2026, S. 33 (Rz. 128)"
WSE39,Was sagen Experten?,referenz_nachschaerfen,"Richli, IWP 2026, S. 5, 7"
WSE40,Was sagen Experten?,referenz_nachschaerfen,"Richli, IWP 2026, S. 33 (Rz. 128), S. 33 Fn. 80 f."
WSE41,Was sagen Experten?,referenz_nachschaerfen,"Richli, IWP 2026, S. 20 (Rz. 80), S. 24 (Rz. 99), S. 34 (Rz."
WSE42,Was sagen Experten?,referenz_nachschaerfen,"Richli, IWP 2026, S. 23 ff. (Rz. 88 ff.)"
WSE43,Was sagen Experten?,referenz_nachschaerfen,"Richli, IWP 2026, S. 60 f. (Rz. 231 ff.)"
WSE44,Was sagen Experten?,referenz_nachschaerfen,"Richli, IWP 2026, S. 81 f. (Rz. 303 ff.)"
WSE45,Was sagen Experten?,referenz_nachschaerfen,"Richli, IWP 2026, S. 7, S. 118"
WSE46,Was sagen Experten?,referenz_nachschaerfen,"Richli, IWP 2026, S. 80 (Rz. 300), S. 94 f. (Rz. 335 ff.)"
WSE47,Was sagen Experten?,referenz_nachschaerfen,"Richli, IWP 2026, S. 5 f., S. 34 (Rz. 131)"
WSE48,Was sagen Experten?,referenz_nachschaerfen,"Richli, IWP 2026, S. 7, S. 118"
WSE49,Was sagen Experten?,referenz_nachschaerfen,"Richli, IWP 2026, S. 33 (Rz. 128), S. 55 (Rz. 212)"
WSE50,Was sagen Experten?,referenz_nachschaerfen,"Richli, IWP 2026, S. 33 f. (Rz. 133 f.)"
WSE51,Was sagen Experten?,referenz_nachschaerfen,"Richli, IWP 2026, S. 40 (Rz. 160), S. 52 (Rz. 202)"
WSE52,Was sagen Experten?,referenz_nachschaerfen,"Richli, IWP 2026, S. 55 (Rz. 212 f.)"
WSE53,Was sagen Experten?,referenz_nachschaerfen,"Richli, IWP 2026, S. 5 f. (Rz. 5 f.), S. 14 ff. (Rz. 41 ff.)"
WSE54,Was sagen Experten?,referenz_nachschaerfen,"Richli, IWP 2026, S. 80 f., S. 107 ff."
WSE55,Was sagen Experten?,referenz_nachschaerfen,"Richli, IWP 2026, S. 4 f., S. 7"
WSP37,Weltraum,referenz_nachschaerfen,"EUSPA-Abkommen, Anhang II Art. 8"
WSP41,Weltraum,referenz_nachschaerfen,"EUSPA-Abkommen, Anhang II Art. 9"
WSP42,Weltraum,referenz_nachschaerfen,"EUSPA-Abkommen, Anhang II Art. 1"
WSP43,Weltraum,referenz_nachschaerfen,"EUSPA-Abkommen, Anhang II Art. 3"
WSP44,Weltraum,referenz_nachschaerfen,"EUSPA-Abkommen, Art. 8"
WSP48,Weltraum,referenz_nachschaerfen,"EUSPA-Abkommen, Schlussformel"
WSP51,Weltraum,referenz_nachschaerfen,"EUSPA-Abkommen, Art. 14; Anhänge I–III"
WSP52,Weltraum,referenz_nachschaerfen,"EUSPA-Abkommen, Anhang II Art. 10"
WSP54,Weltraum,referenz_nachschaerfen,"EUSPA-Abkommen, Anhang III Art. 7"
GE49,Gesundheit,referenz_nachschaerfen,"Gesundheitsabkommen, Art. 21"
GE55,Gesundheit,referenz_nachschaerfen,"Gesundheitsabkommen, Art. 27 und Art. 6"
FIN49,Finanzbeitrag,referenz_nachschaerfen,"Beitragsabkommen, Art. 4"
FIN50,Finanzbeitrag,referenz_nachschaerfen,"Beitragsabkommen, Präambel"
FIN51,Finanzbeitrag,referenz_nachschaerfen,Beitragsabkommen vs. EUPA Protokoll 3
FIN54,Finanzbeitrag,referenz_nachschaerfen,"Beitragsabkommen, Art. 14"
FIN56,Finanzbeitrag,referenz_nachschaerfen,"Beitragsabkommen, Art. 18"
FIN60,Finanzbeitrag,referenz_nachschaerfen,"Beitragsabkommen, Art. 4, 13, 14"
EUPA42,EU-Programme,referenz_nachschaerfen,"EUPA, Protokoll 1 Art. 14"
EUPA50,EU-Programme,referenz_nachschaerfen,"EUPA, Protokoll 1 Art. 6"
EUPA54,EU-Programme,referenz_nachschaerfen,"EUPA, Protokoll 1 Art. 10"
EUPA56,EU-Programme,referenz_nachschaerfen,"EUPA, Art. 16; Art. 19"
LWA53,Landwirtschaft,referenz_nachschaerfen,"Schiedsgerichtsprotokoll LwA, Art. II.1"
LWA56,Landwirtschaft,referenz_nachschaerfen,"EUPA-Abkommen / ÄP-LwA: Richli, S. 57 ff., Rz. 221"
LWA58,Landwirtschaft,referenz_nachschaerfen,"ÄP-LwA, Anhang 9"
LWA60,Landwirtschaft,referenz_nachschaerfen,"ÄP-LwA, Anhang 12"
LWA61,Landwirtschaft,referenz_nachschaerfen,"ÄP-LwA, Art. 2"
LWA63,Landwirtschaft,referenz_nachschaerfen,"Schiedsgerichtsprotokoll LwA, Art. IV.3"
LUV49,Luftverkehr,referenz_nachschaerfen,"ÄP-LuftVA, Anhang Abschnitt 5"
LUV50,Luftverkehr,referenz_nachschaerfen,"ÄP-LuftVA, Protokoll staatliche Beihilfen LuftVA"
LUV51,Luftverkehr,referenz_nachschaerfen,"ÄP-LuftVA, Anhang Abschnitt A"
LUV52,Luftverkehr,referenz_nachschaerfen,"ÄP-LuftVA, Protokoll staatliche Beihilfen Art. 7"
LUV53,Luftverkehr,referenz_nachschaerfen,"ÄP-LuftVA, Anhang Abschnitt A"
LUV54,Luftverkehr,referenz_nachschaerfen,"ÄP-LuftVA, Anhang Abschnitt 1"
LUV56,Luftverkehr,referenz_nachschaerfen,"ÄP-LuftVA, Anhang Abschnitt 4"
LUV58,Luftverkehr,referenz_nachschaerfen,"ÄP-LuftVA, Anhang"
LUV59,Luftverkehr,referenz_nachschaerfen,"ÄP-LuftVA, Anhang Abschnitt 3"
LUV60,Luftverkehr,referenz_nachschaerfen,"ÄP-LuftVA, Anhang Abschnitt 1"
LUV61,Luftverkehr,referenz_nachschaerfen,"ÄP-LuftVA, Anhang Abschnitte 1 und 4"
INST49,Institutionell,referenz_nachschaerfen,Alle institutionellen Protokolle
INST55,Institutionell,referenz_nachschaerfen,Alle institutionellen Protokolle: Schiedsverfahrensordnung A
INST58,Institutionell,referenz_nachschaerfen,"Alle institutionellen Protokolle: Art. 10, 12, 16"
INST59,Institutionell,referenz_nachschaerfen,Alle institutionellen Protokolle: Schiedsverfahrensordnung A
INST64,Institutionell,referenz_nachschaerfen,Alle institutionellen Protokolle: Art. 19 (Inkrafttreten und
INST66,Institutionell,referenz_nachschaerfen,Alle institutionellen Protokolle: Art. 5 und 6
INST67,Institutionell,referenz_nachschaerfen,Allgemein; Unterschied zum EWR und zur Zollunion
INST68,Institutionell,referenz_nachschaerfen,Alle institutionellen Protokolle: Art. 10
LV46,Landverkehr,referenz_nachschaerfen,"ÄP-LandVA, Anhang 1 Abschnitt 4"
LV48,Landverkehr,referenz_nachschaerfen,"ÄP-LandVA, Anhang 1 Abschnitt 4 (RL 2012/34/EU)"
LV49,Landverkehr,referenz_nachschaerfen,"ÄP-LandVA, Anhang 1 Abschnitt 4 (RL 2016/797)"
LV50,Landverkehr,referenz_nachschaerfen,"ÄP-LandVA, Anhang 1 Abschnitt 3"
LV51,Landverkehr,referenz_nachschaerfen,"ÄP-LandVA, Protokoll staatliche Beihilfen"
LV52,Landverkehr,referenz_nachschaerfen,"ÄP-LandVA, Protokoll staatliche Beihilfen Art. 7"
LV53,Landverkehr,referenz_nachschaerfen,"IP-LandVA, Anhang Art. 1; separate ERA-Vereinbarung"
LV54,Landverkehr,referenz_nachschaerfen,"ÄP-LandVA, Anhang 1 Abschnitt 4"
MRA53,MRA,referenz_nachschaerfen,"ÄP-MRA, Anhang"
MRA55,MRA,referenz_nachschaerfen,"ÄP-MRA, Art. 1"
MRA57,MRA,referenz_nachschaerfen,"ÄP-MRA, Art. 2; IP-MRA"
MRA58,MRA,referenz_nachschaerfen,"ÄP-MRA, Art. 1 (allgemeiner Geltungsbereich)"
